,Title,Price,Price_Origin,Link,Image,Retailer,TimeStamp,Source
0,"250W LED High Bay Light 35,000LM (140Lm/w) 5000K Daylight (for 18 to 24ft Ceiling, 1000W HID/HPS Replacement) 1-10v dimmer UL Listed HYPERLITE High Bay LED Light for Factory Warehouse Church",189.99,0,https://www.amazon.ca/dp/B07WLVG6RX/,https://m.media-amazon.com/images/I/612N0b-IwbL._AC_UL320_.jpg,Amazon,2021-10-28T16:21:02,https://www.amazon.ca/s?k=lightning+deals
1,"Sengled Smart LED Soft White A19 Starter Kit, 2700K 60W Equivalent, 2 Light Bulbs & Hub, Works with Alexa & Google Assistant",21.00,0,https://www.amazon.ca/dp/B01N2TVDYQ/,https://m.media-amazon.com/images/I/51GJJQiGLLL._AC_UL320_.jpg,Amazon,2021-10-28T16:21:02,https://www.amazon.ca/s?k=lightning+deals
2,"LittleSun LED Garage Light 4+1 Deformable LED Garage Lighting, 48W, 5000LM, CRI 90+, 6500K,Ideal LED Lighting for Garage, Shop,Basement, Warehouse,White, Pack (1)",20.99,0,https://www.amazon.ca/dp/B082N9NTXW/,https://m.media-amazon.com/images/I/717sEGXAhOL._AC_UL320_.jpg,Amazon,2021-10-28T16:21:02,https://www.amazon.ca/s?k=lightning+deals
3,Women's Fleece Lined Water Resistant Legging High Waisted Thermal Winter Hiking Running Tights Pockets,33.99,41.99,https://www.amazon.ca/dp/B08JXGYR3L/,https://m.media-amazon.com/images/I/51qZSUaD8DL._AC_UL320_.jpg,Amazon,2021-10-28T16:21:02,https://www.amazon.ca/s?k=lightning+deals
4,"Womens Color Block Long Sleeve Round Neck Shirts Pullover Sweatshirt Tops, S-2XL",36.99,0,https://www.amazon.ca/dp/B099ZHYP37/,https://m.media-amazon.com/images/I/71giHRSnN7L._AC_UL320_.jpg,Amazon,2021-10-28T16:21:02,https://www.amazon.ca/s?k=lightning+deals
5,LEGO Creator 3in1 Deep Sea Creatures 31088 Building Kit (230 Piece),16.86,19.99,https://www.amazon.ca/dp/B07GWZNF91/,https://m.media-amazon.com/images/I/81PJ7s8nT3L._AC_UL320_.jpg,Amazon,2021-10-28T16:21:02,https://www.amazon.ca/s?k=lightning+deals
6,womens 6 Pack Runner Socks Socks,12.87,22.99,https://www.amazon.ca/dp/B00GOMDIMU/,https://m.media-amazon.com/images/I/81Zh8tgs3EL._AC_UL320_.jpg,Amazon,2021-10-28T16:21:02,https://www.amazon.ca/s?k=lightning+deals
7,Winter Women Socks 5 Pairs Vintage Style Knit Wool Casual Socks Warm Socks,13.90,0,https://www.amazon.ca/dp/B088QQS9DG/,https://m.media-amazon.com/images/I/814P7X3RZOL._AC_UL320_.jpg,Amazon,2021-10-28T16:21:02,https://www.amazon.ca/s?k=lightning+deals
8,"Lindt Lindt Hazelnut Milk Chocolate Spread, 200g, Hazelnut, 200 Grams",5.97,0,https://www.amazon.ca/dp/B07KLMK61V/,https://m.media-amazon.com/images/I/71Ajv8NYcEL._AC_UL320_.jpg,Amazon,2021-10-28T16:21:02,https://www.amazon.ca/s?k=lightning+deals
9,Men's Long-Sleeve T-Shirt,10.48,0,https://www.amazon.ca/dp/B00T7TWF4E/,https://m.media-amazon.com/images/I/81qp6zqycZS._AC_UL320_.jpg,Amazon,2021-10-28T16:21:02,https://www.amazon.ca/s?k=lightning+deals
10,"Monster Wireless Earbuds, True Wireless Earbuds,Bluetooth 5.0 in-Ear Super Fast Charge,Built-in Mics for Clear Calls, USB-C Quick Charge, 24-Hour Playtime, Secure Fit for Sports Black",99.99,0,https://www.amazon.ca/dp/B096SBPYRS/,https://m.media-amazon.com/images/I/61Ok-N1ts2L._AC_UL320_.jpg,Amazon,2021-10-28T16:21:02,https://www.amazon.ca/s?k=lightning+deals
11,"Men's 6"" Boxer Brief Fly Front with Pouch, 3-Pack",19.98,40.00,https://www.amazon.ca/dp/B074JJJQ7Y/,https://m.media-amazon.com/images/I/A1TIe2I2ezL._AC_UL320_.jpg,Amazon,2021-10-28T16:21:02,https://www.amazon.ca/s?k=lightning+deals
12,Mens Crew T-Shirt Multipack,22.25,0,https://www.amazon.ca/dp/B07XVXSY7M/,https://m.media-amazon.com/images/I/71FKlHTAOuL._AC_UL320_.jpg,Amazon,2021-10-28T16:21:02,https://www.amazon.ca/s?k=lightning+deals
13,"Apple Barrel Acrylic Paint in Assorted Colors (2 oz), 21481, Key West",0.97,0,https://www.amazon.ca/dp/B00889Z9YC/,https://m.media-amazon.com/images/I/51OqLh2hJhL._AC_UL320_.jpg,Amazon,2021-10-28T16:21:02,https://www.amazon.ca/s?k=lightning+deals
14,Women's Printed Shawl Wrap Fashionable Open Front Poncho Cape,40.99,0,https://www.amazon.ca/dp/B07DTBY5GX/,https://m.media-amazon.com/images/I/81O21CY+O1L._AC_UL320_.jpg,Amazon,2021-10-28T16:21:02,https://www.amazon.ca/s?k=lightning+deals
15,Utopia Bedding Gusseted Pillow (2-Pack) Premium Quality Bed Pillows - Side Back Sleepers - Blue Gusset - Queen - 18 x 26 Inches,34.99,0,https://www.amazon.ca/dp/B01FXSVBNI/,https://m.media-amazon.com/images/I/51BQIBV9mgS._AC_UL320_.jpg,Amazon,2021-10-28T16:21:02,https://www.amazon.ca/s?k=lightning+deals
16,"Nylon Breathable Military Tactical Style Adjustable Web Men Belt,Black,Suit for Pant Size Below 45 Inches",20.99,0,https://www.amazon.ca/dp/B01D1HAV9I/,https://m.media-amazon.com/images/I/71VY+LLi6DL._AC_UL320_.jpg,Amazon,2021-10-28T16:21:02,https://www.amazon.ca/s?k=lightning+deals
17,Duracell Coppertop AA Alkaline Batteries - 20 Count,18.99,0,https://www.amazon.ca/dp/B002UXRXEG/,https://m.media-amazon.com/images/I/71br624-J4L._AC_UL320_.jpg,Amazon,2021-10-28T16:21:02,https://www.amazon.ca/s?k=lightning+deals
18,"Men’s Crew T-Shirts, Multipack",25.99,0,https://www.amazon.ca/dp/B07JDFPQTC/,https://m.media-amazon.com/images/I/61CqBpL3iUL._AC_UL320_.jpg,Amazon,2021-10-28T16:21:02,https://www.amazon.ca/s?k=lightning+deals
19,Saxx Men's Underwear – Vibe Men’s Underwear – Boxer Briefs with Built-in Ballpark Pouch Support - Core,33.95,0,https://www.amazon.ca/dp/B016OE5PJQ/,https://m.media-amazon.com/images/I/81QxKJJVcDL._AC_UL320_.jpg,Amazon,2021-10-28T16:21:02,https://www.amazon.ca/s?k=lightning+deals
20,"USB Wall Charger Multiport, Surge Protector with Night Light & Shelf, 6 Outlet Extender with 3 USB Ports (1 USB-C Outlet), 3-Sided Power Strip Multi Outlet Wall Plug Adapter for Home Travel Office",30.99,0,https://www.amazon.ca/dp/B09JB4W3H6/,https://m.media-amazon.com/images/I/51b1QeDRE2L._AC_UL320_.jpg,Amazon,2021-10-28T16:21:02,https://www.amazon.ca/s?k=lightning+deals
21,"Monster Wireless Earbuds,Ecouteur Sans Fil Bluetooth,True Wireless Bluetooth Earbuds Waterproof Touch Control Wireless Charging in-Ear Earphones with Microphone Bluetooth 5.0 - Black",49.99,0,https://www.amazon.ca/dp/B08MQPFGYV/,https://m.media-amazon.com/images/I/61ukXyLwU8L._AC_UL320_.jpg,Amazon,2021-10-28T16:21:02,https://www.amazon.ca/s?k=lightning+deals
22,"Outlet Extender Surge Protector with usb, Night Light, Electric Multi Plug Wall Outlet Expander 15 amp, Outlet Shelf, Outlet Multiplier Splitter Adapter indoor for Home, Fast Charge, White(1020J)",35.99,0,https://www.amazon.ca/dp/B083Z5XDTK/,https://m.media-amazon.com/images/I/71mQ17ZOsfL._AC_UL320_.jpg,Amazon,2021-10-28T16:21:02,https://www.amazon.ca/s?k=lightning+deals
23,BISSELL - Stick Vacuum - Featherweight White - Ultra-lightweight and compact - Versatile Lift-Off Hand Vacuum - 2.1 Amp motor in a 3lb vacuum,39.99,0,https://www.amazon.ca/dp/B085PGFW2P/,https://m.media-amazon.com/images/I/51qQxZrptqL._AC_UL320_.jpg,Amazon,2021-10-28T16:21:02,https://www.amazon.ca/s?k=lightning+deals
24,mens Multi-pack Mesh Ventilating Comfort Fit Performance No-show Socks,19.99,0,https://www.amazon.ca/dp/B01D2GRTIE/,https://m.media-amazon.com/images/I/91VvLvJikgL._AC_UL320_.jpg,Amazon,2021-10-28T16:21:02,https://www.amazon.ca/s?k=lightning+deals
25,"Lindt Swiss Classic Milk Chocolate, Bar, 100g",1.97,0,https://www.amazon.ca/dp/B000H299LW/,https://m.media-amazon.com/images/I/71ORKwFp7XL._AC_UL320_.jpg,Amazon,2021-10-28T16:21:02,https://www.amazon.ca/s?k=lightning+deals
26,No Buckle Stretch Belt For Women Men Elastic Waist Belt Up to 72 Inch for Jeans Pants,16.99,0,https://www.amazon.ca/dp/B07CXMNLVG/,https://m.media-amazon.com/images/I/71aNNvLk8oL._AC_UL320_.jpg,Amazon,2021-10-28T16:21:02,https://www.amazon.ca/s?k=lightning+deals
27,"Extra Clean Toothbrush, Full Head, Soft (6 Count)",4.77,0,https://www.amazon.ca/dp/B00CC6XSSQ/,https://m.media-amazon.com/images/I/81l2bK1kAcL._AC_UL320_.jpg,Amazon,2021-10-28T16:21:02,https://www.amazon.ca/s?k=lightning+deals
28,Saxx Men's Underwear – Vibe Men’s Underwear – Boxer Briefs with Built-in Ballpark Pouch Support - Core,33.95,0,https://www.amazon.ca/dp/B016OE5PJQ/,https://m.media-amazon.com/images/I/81QxKJJVcDL._AC_UL320_.jpg,Amazon,2021-10-28T16:21:02,https://www.amazon.ca/s?k=lightning+deals
29,Phone Charger 【5Pack】3FT 3FT 6FT 6FT 10FT Nylon Braided USB Charging & Syncing Cable Compatible with Phone12 12 Pro 12 Max Se Phone 11 Pro Max 11 Pro 11 XS MAX XR X 8 8 Plus 7 7 Plus 6s 6s Plus 6 6 Plus and More (Black),14.98,19.99,https://www.amazon.ca/dp/B07P5MDRP4/,https://m.media-amazon.com/images/I/61a8ZESYqUL._AC_UL320_.jpg,Amazon,2021-10-28T16:21:02,https://www.amazon.ca/s?k=lightning+deals
30,Men's W96H-1BV Classic Sport Watch,30.24,0,https://www.amazon.ca/dp/B000AQVSA0/,https://m.media-amazon.com/images/I/91R8vHW8sDL._AC_UL320_.jpg,Amazon,2021-10-28T16:21:02,https://www.amazon.ca/s?k=lightning+deals
31,"Harem Pants for Women, Cotton Loose High Waist Soft Athletic Elastic Waistband Yoga Pilates Pants",28.98,0,https://www.amazon.ca/dp/B08BZB7139/,https://m.media-amazon.com/images/I/51k9y10y70S._AC_UL320_.jpg,Amazon,2021-10-28T16:21:02,https://www.amazon.ca/s?k=lightning+deals
32,"USB C Charger, INIU [2 Pack] 25W PD 3.0 Fast Charging Mini Wall Charger, Universal Power Adapter Plug Compatible with iPhone 12 11 Pro XR X 8 Samsung S21 S20 Note 20 iPad Airpods Google LG Switch etc.",23.98,0,https://www.amazon.ca/dp/B0965929WQ/,https://m.media-amazon.com/images/I/51QinalHfPS._AC_UL320_.jpg,Amazon,2021-10-28T16:21:02,https://www.amazon.ca/s?k=lightning+deals
33,"Men's Ultra Cotton Adult Long Sleeve T-Shirt, 2-Pack",21.99,0,https://www.amazon.ca/dp/B07683LB6Q/,https://m.media-amazon.com/images/I/61HxBf1puDL._AC_UL320_.jpg,Amazon,2021-10-28T16:21:02,https://www.amazon.ca/s?k=lightning+deals
34,"Tower Power Bar with Surge Protector, Flat Plug Extension Cord Indoor 6.5 Feet, 11 Widely Spaced AC Outlets, 3 USB Ports, TESSAN Power Strip Multi Plug Desk Charging Station, Home Office Accessories",35.99,0,https://www.amazon.ca/dp/B08LR6SGHJ/,https://m.media-amazon.com/images/I/61R4LAuy23S._AC_UL320_.jpg,Amazon,2021-10-28T16:21:02,https://www.amazon.ca/s?k=lightning+deals
35,"Utopia Bedding Premium Bamboo Mattress Protector Twin 340 GSM, Fits 15 Inches Deep, Easy Care",33.99,42.99,https://www.amazon.ca/dp/B01E02DU6E/,https://m.media-amazon.com/images/I/81UMy8pnMxL._AC_UL320_.jpg,Amazon,2021-10-28T16:21:02,https://www.amazon.ca/s?k=lightning+deals
36,"USB Wall Charger, Surge Protector, 5 Outlet Extender with 4 USB Charging Ports ( 1 USB C Outlet, 4.5A Total) 3-Sided 1800J Power Strip Multi Plug Outlets Wall Adapter Spaced for Home Travel Office",25.49,34.99,https://www.amazon.ca/dp/B08Z3GJ4GG/,https://m.media-amazon.com/images/I/31kQUrRzLKL._AC_UL320_.jpg,Amazon,2021-10-28T16:21:02,https://www.amazon.ca/s?k=lightning+deals
37,"Fineliner Pen, Chukchi Fine Line Drawing Pen Fineliner Color Pens Set 0.38mm Colored Fine Line Point Markers Perfect for Coloring Book Bullet Journal Art Projects Pack of 10 Assorted Colors (1 Pack)",8.99,15.99,https://www.amazon.ca/dp/B073S3HFP9/,https://m.media-amazon.com/images/I/611JDfJBhsL._AC_UL320_.jpg,Amazon,2021-10-28T16:21:02,https://www.amazon.ca/s?k=lightning+deals
38,Phone Charger 5Pack 3ft 3ft 6ft 6ft 10ft Nylon Braided Usb Charging & Syncing Cable Compatible with Phone12 12 Pro 12 Max Se Phone 11 Pro Max 11 Pro 11 XS MAX XR X 8 8 Plus 7 7 Plus 6s 6s Plus 6 6 Plus and More (Silver),16.99,0,https://www.amazon.ca/dp/B07R9KDMX1/,https://m.media-amazon.com/images/I/61Y7JeVsaWL._AC_UL320_.jpg,Amazon,2021-10-28T16:21:02,https://www.amazon.ca/s?k=lightning+deals
39,Women's High Waisted Cotton Underwear Stretch Briefs Soft Full Coverage Panties Multipack (Regular& Plus Size),32.99,40.99,https://www.amazon.ca/dp/B07RP7KCPB/,https://m.media-amazon.com/images/I/61dpCKpdjHL._AC_UL320_.jpg,Amazon,2021-10-28T16:21:02,https://www.amazon.ca/s?k=lightning+deals
40,AmazonBasics AAA 1.5 Volt Performance Alkaline Batteries - Pack of 36,12.92,0,https://www.amazon.ca/dp/B00LH3DMUO/,https://m.media-amazon.com/images/I/71nDX36Y9UL._AC_UL320_.jpg,Amazon,2021-10-28T16:21:02,https://www.amazon.ca/s?k=lightning+deals
41,Women's Active Yoga Lounge Capri Pocketed Walking Crop Pants,29.99,43.99,https://www.amazon.ca/dp/B071GBKZVJ/,https://m.media-amazon.com/images/I/618JakIsC9L._AC_UL320_.jpg,Amazon,2021-10-28T16:21:02,https://www.amazon.ca/s?k=lightning+deals
42,"CUISINART 12 Piece Color Knife Set with Blade Guards (6 Knives and 6 Knife Covers), Jewel",40.75,0,https://www.amazon.ca/dp/B016OD70Q8/,https://m.media-amazon.com/images/I/814qPwdR8yL._AC_UL320_.jpg,Amazon,2021-10-28T16:21:02,https://www.amazon.ca/s?k=lightning+deals
43,Womens Women's Totally Shaping Pull on Skinny Jeans,39.99,0,https://www.amazon.ca/dp/B077R4H48C/,https://m.media-amazon.com/images/I/51LRdAQLQfL._AC_UL320_.jpg,Amazon,2021-10-28T16:21:02,https://www.amazon.ca/s?k=lightning+deals
44,"TP-Link N300 WiFi Range Extender TL-WA850RE - Covers up to 800 Sq.ft, Up to 300Mbps, Signal Booster & WiFi Repeater, Single Band 2.4Ghz only, and Compact Wall Plug Design, Extend WiFi Range Further",16.99,22.99,https://www.amazon.ca/dp/B00E98O7GC/,https://m.media-amazon.com/images/I/5162dBZuR2L._AC_UL320_.jpg,Amazon,2021-10-28T16:21:02,https://www.amazon.ca/s?k=lightning+deals
45,"Women Wool Socks for Winter, Vintage Winter Socks Thick Cozy Knit Wool Socks for Women (A- 10 Pairs)",27.80,0,https://www.amazon.ca/dp/B07WFFH2ZC/,https://m.media-amazon.com/images/I/811UQ5wq-UL._AC_UL320_.jpg,Amazon,2021-10-28T16:21:02,https://www.amazon.ca/s?k=lightning+deals
46,AmazonBasics USB 2.0 Printer Cable - A-Male to B-Male Cord - 6 Feet (1.8 Meters),6.79,9.51,https://www.amazon.ca/dp/B00NH11KIK/,https://m.media-amazon.com/images/I/71bhL-Kx6+L._AC_UL320_.jpg,Amazon,2021-10-28T16:21:02,https://www.amazon.ca/s?k=lightning+deals
47,Mens Authentics Classic Relaxed Fit Jean,29.99,0,https://www.amazon.ca/dp/B00XKXW4HG/,https://m.media-amazon.com/images/I/71-KKTMxOsL._AC_UL320_.jpg,Amazon,2021-10-28T16:21:02,https://www.amazon.ca/s?k=lightning+deals
48,"Fire TV Stick 4K streaming device with Alexa built in, Ultra HD, Dolby Vision, includes the Alexa Voice Remote",64.99,69.99,https://www.amazon.ca/dp/B079QH9GG7/,https://m.media-amazon.com/images/I/51CgKGfMelL._AC_UL320_.jpg,Amazon,2021-10-28T16:21:02,https://www.amazon.ca/s?k=lightning+deals
49,High Waisted Compression Leggings - Shapewear for Women,30.99,0,https://www.amazon.ca/dp/B07QKPCF12/,https://m.media-amazon.com/images/I/71vRr6zOdpL._AC_UL320_.jpg,Amazon,2021-10-28T16:21:02,https://www.amazon.ca/s?k=lightning+deals
50,"USB C to Lightning Cable MFi Certified, Quntis 3Pack 3FT 6FT 10FT iPhone 12 Fast Charging Cable Power Delivery Lightning to Type C Charger Cord for iPhone 13/12 Pro Max/11 Pro/X/XS/XR/8 Plus/iPad/AirPods Pro",20.99,0,https://www.amazon.ca/dp/B08QCGLZR6/,https://m.media-amazon.com/images/I/61fL+LMFubL._AC_UL320_.jpg,Amazon,2021-10-28T16:21:02,https://www.amazon.ca/s?k=lightning+deals
51,"Mens Classic-fit 9"" Short",20.10,0,https://www.amazon.ca/dp/B01JQT9AZ6/,https://m.media-amazon.com/images/I/81Kygli5ZTL._AC_UL320_.jpg,Amazon,2021-10-28T16:21:02,https://www.amazon.ca/s?k=lightning+deals
52,Men's Loose Fit Heavyweight Short-Sleeve Pocket T-Shirt,27.22,0,https://www.amazon.ca/dp/B0000E0YRS/,https://m.media-amazon.com/images/I/81NGTHWFapL._AC_UL320_.jpg,Amazon,2021-10-28T16:21:02,https://www.amazon.ca/s?k=lightning+deals
53,"Utopia Bedding Comforter Duvet Insert - Quilted Comforter with Corner Tabs - Box Stitched Down Alternative Comforter (Queen, White)",39.99,46.99,https://www.amazon.ca/dp/B00S1TC442/,https://m.media-amazon.com/images/I/712c0JZxCWL._AC_UL320_.jpg,Amazon,2021-10-28T16:21:02,https://www.amazon.ca/s?k=lightning+deals
54,Men's W-217H-9AVCF Classic Digital Display Quartz Black Watch,26.33,0,https://www.amazon.ca/dp/B0721BB2ZW/,https://m.media-amazon.com/images/I/814xtc+jWVL._AC_UL320_.jpg,Amazon,2021-10-28T16:21:02,https://www.amazon.ca/s?k=lightning+deals
55,Women's High Waisted Cotton Underwear Stretch Briefs Soft Full Coverage Panties Multipack (Regular& Plus Size),29.99,40.99,https://www.amazon.ca/dp/B07RN63526/,https://m.media-amazon.com/images/I/61dpCKpdjHL._AC_UL320_.jpg,Amazon,2021-10-28T16:21:02,https://www.amazon.ca/s?k=lightning+deals
56,"Geek Wireless Earbuds, Bluetooth earbuds with Wireless Charging Exquisite Case USB-C, 36H Playtime Bluetooth Earphones Built-in Mic Dual Calls with 13mm Driver Lossless Sound Fantastic Bass, IPX8 Waterproof Wireless Headphones Travel Sports Headsets",25.49,37.77,https://www.amazon.ca/dp/B09CKSW7FV/,https://m.media-amazon.com/images/I/51JO50ZoLFL._AC_UL320_.jpg,Amazon,2021-10-28T16:21:02,https://www.amazon.ca/s?k=lightning+deals
57,Womens Color Block Tunic Tops Crewneck Long Sleeve T-Shirt Casual Loose Shirt Blouses with Pocket S-XXL,32.99,0,https://www.amazon.ca/dp/B08S3257FY/,https://m.media-amazon.com/images/I/61WQ7S3gLvL._AC_UL320_.jpg,Amazon,2021-10-28T16:21:02,https://www.amazon.ca/s?k=lightning+deals
58,Slim Minimalist Front Pocket RFID Blocking Leather Wallets for Men Women - Cross Black,15.99,0,https://www.amazon.ca/dp/B079DCW7GB/,https://m.media-amazon.com/images/I/81oIi9rFU6L._AC_UL320_.jpg,Amazon,2021-10-28T16:21:02,https://www.amazon.ca/s?k=lightning+deals
59,"Duet 50 Pro Wireless Bluetooth Earbuds. 130 Hour Long Battery Life for iPhone, Android. [Featured in Forbes] Phone Charger Mini Charging Case, Sweatproof TWS Headphones. aptX Sound for Running",69.99,0,https://www.amazon.ca/dp/B085VL4FLB/,https://m.media-amazon.com/images/I/81IngeJKtRS._AC_UL320_.jpg,Amazon,2021-10-28T16:21:02,https://www.amazon.ca/s?k=lightning+deals
60,Saxx Men's Underwear – Vibe Men’s Underwear – Boxer Briefs with Built-in Ballpark Pouch Support - Core,33.95,0,https://www.amazon.ca/dp/B016OE5PJQ/,https://m.media-amazon.com/images/I/81QxKJJVcDL._AC_UL320_.jpg,Amazon,2021-10-28T16:21:02,https://www.amazon.ca/s?k=lightning+deals
61,Women's Fleece Lined Water Resistant Legging High Waisted Thermal Winter Hiking Running Tights Pockets,33.99,41.99,https://www.amazon.ca/dp/B08JZ35F59/,https://m.media-amazon.com/images/I/51qZSUaD8DL._AC_UL320_.jpg,Amazon,2021-10-28T16:21:02,https://www.amazon.ca/s?k=lightning+deals
62,"Lindt Creation Dessert Assorted Chocolates Gift Box, 400 Grams",28.49,0,https://www.amazon.ca/dp/B07G3PS3ZC/,https://m.media-amazon.com/images/I/81auUx+YKRL._AC_UL320_.jpg,Amazon,2021-10-28T16:21:02,https://www.amazon.ca/s?k=lightning+deals
63,Women's Fleece Lined Leggings Winter Yoga Leggings Thermal High Waisted Pocketed Pants,42.99,0,https://www.amazon.ca/dp/B07WV7P745/,https://m.media-amazon.com/images/I/61JhMxQNlKL._AC_UL320_.jpg,Amazon,2021-10-28T16:21:02,https://www.amazon.ca/s?k=lightning+deals
64,"CyberPower P4WSU Professional Surge Protector, 900J/125V, 4 Swivel Outlets, 4 USB Charge Ports, White Wall Tap",29.41,0,https://www.amazon.ca/dp/B07VCGVDSS/,https://m.media-amazon.com/images/I/71tthHfbfnL._AC_UL320_.jpg,Amazon,2021-10-28T16:21:02,https://www.amazon.ca/s?k=lightning+deals
65,Men's Loose Fit Heavyweight Short-Sleeve Pocket T-Shirt,27.22,0,https://www.amazon.ca/dp/B0000E0YRS/,https://m.media-amazon.com/images/I/81NGTHWFapL._AC_UL320_.jpg,Amazon,2021-10-28T16:21:02,https://www.amazon.ca/s?k=lightning+deals
66,6 pcs Aluminum D-Ring Locking Carabiner Light but Strong,13.95,0,https://www.amazon.ca/dp/B01GA3N9MQ/,https://m.media-amazon.com/images/I/81qL6C4yvCL._AC_UL320_.jpg,Amazon,2021-10-28T16:21:02,https://www.amazon.ca/s?k=lightning+deals
67,Men's W-217H-9AVCF Classic Digital Display Quartz Black Watch,26.33,0,https://www.amazon.ca/dp/B0721BB2ZW/,https://m.media-amazon.com/images/I/814xtc+jWVL._AC_UL320_.jpg,Amazon,2021-10-28T16:21:02,https://www.amazon.ca/s?k=lightning+deals
68,Womens 18 Hour Original Comfort Strap Full Coverage Bra Us4693,31.92,0,https://www.amazon.ca/dp/B01M358XZ7/,https://m.media-amazon.com/images/I/81mtNnh5HOL._AC_UL320_.jpg,Amazon,2021-10-28T16:21:02,https://www.amazon.ca/s?k=lightning+deals
69,"INSE Vacuum Cleaner Corded Bagless Stick 18 KPA Powerful Suction, Multipurpose 3 in 1 Handheld Vac with 6m Power Cord",89.99,98.99,https://www.amazon.ca/dp/B08TWSKCP6/,https://m.media-amazon.com/images/I/71XWwvtjDGL._AC_UL320_.jpg,Amazon,2021-10-28T16:21:02,https://www.amazon.ca/s?k=lightning+deals
70,"NICETOWN Window Treatment Blackout Curtains - Kitchen/Dining Room Thermal Insulated Curtains/Rideau de Fenêtre (1 Panel, W52 x L63, Teal Blue)",25.99,0,https://www.amazon.ca/dp/B018JQRUFE/,https://m.media-amazon.com/images/I/519f6iNr8rL._AC_UL320_.jpg,Amazon,2021-10-28T16:21:02,https://www.amazon.ca/s?k=lightning+deals
71,TC-JUNESUN Stick Cordless Vacuum Cleaner 4-in-1 Quiet Suction Fast Charging Lightweight for Home Hard Floor Carpet Car Convenient Handheld (Red),159.00,0,https://www.amazon.ca/dp/B08SM6PVVH/,https://m.media-amazon.com/images/I/51YYVTnpVhL._AC_UL320_.jpg,Amazon,2021-10-28T16:21:02,https://www.amazon.ca/s?k=lightning+deals
72,"3 Pack 10 FT iPhone Charger Fast Charging and Nylon Braided 90 Degree Data Cable for iPhone 12/11/ Pro/Max/X/XS/XR/XS Max/ 8/ Plus/7/7 Plus/6/6S/6 Plus and Other Models (Gray, 10FT)",14.99,0,https://www.amazon.ca/dp/B07QTX1Y2C/,https://m.media-amazon.com/images/I/71Yr1if4lOL._AC_UL320_.jpg,Amazon,2021-10-28T16:21:02,https://www.amazon.ca/s?k=lightning+deals
73,Unisex's Classic Clog,59.99,0,https://www.amazon.ca/dp/B00152AGEW/,https://m.media-amazon.com/images/I/71J+EDTWeQL._AC_UL320_.jpg,Amazon,2021-10-28T16:21:02,https://www.amazon.ca/s?k=lightning+deals
74,"LED Garage Lights 60W-2 Packs LED Garage Lighting 6000LM E26/27 - Deformable LED Shop Light - Garage Ceiling Light, LED Light Bulbs, LED Work Lights, LED High Bay Light for Basement, Workshop",38.99,0,https://www.amazon.ca/dp/B089NTVJF6/,https://m.media-amazon.com/images/I/71iisY6xZaL._AC_UL320_.jpg,Amazon,2021-10-28T16:21:02,https://www.amazon.ca/s?k=lightning+deals
75,4pcs 8mm Natural Healing Stone Bracelets for Men Women Beaded Bracelets Elastic Tree of Life Charm,18.99,0,https://www.amazon.ca/dp/B075ZPJ8JY/,https://m.media-amazon.com/images/I/81ZmqOAdHhL._AC_UL320_.jpg,Amazon,2021-10-28T16:21:02,https://www.amazon.ca/s?k=lightning+deals
76,iwoly V600 Vacuum Cleaner Corded Bagless Stick and Handheld Vacuum with 7m Long Power Cord,69.98,89.99,https://www.amazon.ca/dp/B07RGTV61N/,https://m.media-amazon.com/images/I/717peHM8aLL._AC_UL320_.jpg,Amazon,2021-10-28T16:21:02,https://www.amazon.ca/s?k=lightning+deals
77,Blue Purple Pink Butterfly Crystal Bangle Wrist Link Bracelet Birthday Gift for Women Girls,29.99,0,https://www.amazon.ca/dp/B00U14J0EM/,https://m.media-amazon.com/images/I/61nIdHUFDsL._AC_UL320_.jpg,Amazon,2021-10-28T16:21:02,https://www.amazon.ca/s?k=lightning+deals
78,"Casper Sleep Foam Pillow for Sleeping, Standard, White",135.27,0,https://www.amazon.ca/dp/B07YVRT6WY/,https://m.media-amazon.com/images/I/51HNrlYVXNL._AC_UL320_.jpg,Amazon,2021-10-28T16:21:02,https://www.amazon.ca/s?k=lightning+deals
79,Women's LA670WA-1 Daily Alarm Digital Watch,31.00,0,https://www.amazon.ca/dp/B000GB0G2A/,https://m.media-amazon.com/images/I/71AFLoXJWQL._AC_UL320_.jpg,Amazon,2021-10-28T16:21:02,https://www.amazon.ca/s?k=lightning+deals
80,"250W LED High Bay Light 35,000LM (140Lm/w) 5000K Daylight (for 18 to 24ft Ceiling, 1000W HID/HPS Replacement) 1-10v dimmer UL Listed HYPERLITE High Bay LED Light for Factory Warehouse Church",189.99,0,https://www.amazon.ca/dp/B07WLVG6RX/,https://m.media-amazon.com/images/I/612N0b-IwbL._AC_UL320_.jpg,Amazon,2021-10-28T16:21:02,https://www.amazon.ca/s?k=lightning+deals
81,"LittleSun LED Garage Light 4+1 Deformable LED Garage Lighting, 48W, 5000LM, CRI 90+, 6500K,Ideal LED Lighting for Garage, Shop,Basement, Warehouse,White, Pack (1)",20.99,0,https://www.amazon.ca/dp/B082N9NTXW/,https://m.media-amazon.com/images/I/717sEGXAhOL._AC_UL320_.jpg,Amazon,2021-10-28T16:21:02,https://www.amazon.ca/s?k=lightning+deals
82,Slim Minimalist Front Pocket RFID Blocking Leather Wallets for Men Women - Cross Black,15.99,0,https://www.amazon.ca/dp/B079DCW7GB/,https://m.media-amazon.com/images/I/81oIi9rFU6L._AC_UL320_.jpg,Amazon,2021-10-28T16:21:02,https://www.amazon.ca/s?k=lightning+deals
83,High Waisted Leggings for Women Tummy Control Workout Running Yoga Pants with Pockets,30.99,0,https://www.amazon.ca/dp/B09BMXG3N9/,https://m.media-amazon.com/images/I/61BQlQGKPrL._AC_UL320_.jpg,Amazon,2021-10-28T16:21:02,https://www.amazon.ca/s?k=lightning+deals
84,Womens Modern-Skinny Jean,33.46,0,https://www.amazon.ca/dp/B077R57GTM/,https://m.media-amazon.com/images/I/71Fy9xX5EtL._AC_UL320_.jpg,Amazon,2021-10-28T16:21:02,https://www.amazon.ca/s?k=lightning+deals
85,"New Beats Studio Buds – True Wireless Noise Cancelling Earbuds – Compatible with Apple & Android, Built-in Microphone, IPX4 Rating, Sweat Resistant Earphones, Class 1 Bluetooth Headphones - Black",179.95,0,https://www.amazon.ca/dp/B096SV8SJG/,https://m.media-amazon.com/images/I/51bRSWrEc7S._AC_UL320_.jpg,Amazon,2021-10-28T16:21:02,https://www.amazon.ca/s?k=lightning+deals
86,"Marchpower iPhone Charger, 2 Pack 6ft Lightning Cable with Dual Port iPhone ipad Charger Block Plug, Compatible with iPhone 13 12 SE 11 Pro MAX X XS 8 7 ipad iPod AirPods -White",19.99,0,https://www.amazon.ca/dp/B08G4BBBF2/,https://m.media-amazon.com/images/I/51v6pxu85lL._AC_UL320_.jpg,Amazon,2021-10-28T16:21:02,https://www.amazon.ca/s?k=lightning+deals
87,Short Lightning Cable (2Pack 7Inch) USB Charger Cord for Apple iPhone 13/12/11/Xs Max/Xr/X/8/7/6/6s Plus/SE/5c/5s/5 iPad Air Pro/Mini Phone Charging Wire,11.99,0,https://www.amazon.ca/dp/B07KMQLFMP/,https://m.media-amazon.com/images/I/51ckYln2yUL._AC_UL320_.jpg,Amazon,2021-10-28T16:21:02,https://www.amazon.ca/s?k=lightning+deals
88,"Wireless Earbuds Qualcomm Chip Apt-X Decoding CVC8.0 Noise Reduction Tech Bluetooth Earbuds Last for 8H Playtime, Built-in Mic Stereo Call Wireless Earphones Deep Bass Sound Bluetooth V5.0 Headphones with IPX8 Waterproof Snug for Sport Headsets",39.99,0,https://www.amazon.ca/dp/B09BYYZQFS/,https://m.media-amazon.com/images/I/61ICJH3V4OL._AC_UL320_.jpg,Amazon,2021-10-28T16:21:02,https://www.amazon.ca/s?k=lightning+deals
89,"iPhone Charger, 6Pack 3FT Lightning Cable Sundix iPhone Charger Cable Charging Cord Compatible iPhone Xs MAX XR X 8 8Plus 7 7Plus 6s 6sPlus 6 6Plus SE 5 SE iPad iPod & More (White)",18.59,20.99,https://www.amazon.ca/dp/B07W54VLPQ/,https://m.media-amazon.com/images/I/61REAdEEaEL._AC_UL320_.jpg,Amazon,2021-10-28T16:21:02,https://www.amazon.ca/s?k=lightning+deals
90,Womens 18 Hour Ultimate Lift and Support Wire Free Bra,32.41,0,https://www.amazon.ca/dp/B07DNWRQ3Y/,https://m.media-amazon.com/images/I/71r9GHEdU5S._AC_UL320_.jpg,Amazon,2021-10-28T16:21:02,https://www.amazon.ca/s?k=lightning+deals
91,"EverBrite 5-Pack LED Headlamp Flashlight for Running, Camping, Reading, Fishing, Hunting, Walking, Jogging - Head Lamps Long Battery Life (Batteries Included), Durable, Lightweight",29.99,0,https://www.amazon.ca/dp/B01CTX7BX4/,https://m.media-amazon.com/images/I/81cFtahSCrL._AC_UL320_.jpg,Amazon,2021-10-28T16:21:02,https://www.amazon.ca/s?k=lightning+deals
92,Slim Minimalist Front Pocket RFID Blocking Leather Wallets for Men Women - Cross Black,15.99,0,https://www.amazon.ca/dp/B079DCW7GB/,https://m.media-amazon.com/images/I/81oIi9rFU6L._AC_UL320_.jpg,Amazon,2021-10-28T16:21:02,https://www.amazon.ca/s?k=lightning+deals
93,Women's Racerback Sports Bra High Impact Support for Yoga Workout Gym Activewear Bra,25.99,0,https://www.amazon.ca/dp/B09BQPLPG9/,https://m.media-amazon.com/images/I/61Vu+PxZ4nS._AC_UL320_.jpg,Amazon,2021-10-28T16:21:02,https://www.amazon.ca/s?k=lightning+deals
94,Womens Striped Color Block Long Sleeve Pullover Hoodies Sweatshirts Drawstring Tops,32.88,0,https://www.amazon.ca/dp/B099KH7MLG/,https://m.media-amazon.com/images/I/61KVrWujjhL._AC_UL320_.jpg,Amazon,2021-10-28T16:21:02,https://www.amazon.ca/s?k=lightning+deals
95,"3D Sleep Mask By PrettyCare 2 Pack (Blue and Black) Eye Mask for Sleeping, Contoured Sleep Mask Blindfold with an Ear Plugs, Silk Travel Bag, Night Eyeshade for Men and Women",19.95,0,https://www.amazon.ca/dp/B019JY9BO8/,https://m.media-amazon.com/images/I/71ZjRCUL1pL._AC_UL320_.jpg,Amazon,2021-10-28T16:21:02,https://www.amazon.ca/s?k=lightning+deals
96,"BESTOPE Blackhead Remover Pimple Comedone Extractor Tool Best Acne Removal Kit - Treatment for Blemish, Whitehead Popping, Zit Removing for Risk Free Nose Face Skin with Metal Case",12.99,0,https://www.amazon.ca/dp/B01M6D0T9R/,https://m.media-amazon.com/images/I/71PAR7pMutL._AC_UL320_.jpg,Amazon,2021-10-28T16:21:02,https://www.amazon.ca/s?k=lightning+deals
97,"Mellanni Bed Sheet Set - HIGHEST QUALITY Brushed Microfiber 1800 Bedding - Deep Pocket, Wrinkle, Fade, Stain Resistant - Hypoallergenic - 4 Piece - Queen, Emerald Green",50.42,0,https://www.amazon.ca/dp/B01DN0ALM0/,https://m.media-amazon.com/images/I/619e-7L+jkL._AC_UL320_.jpg,Amazon,2021-10-28T16:21:02,https://www.amazon.ca/s?k=lightning+deals
98,"Belkin Powerhouse Charge Dock for Apple Watch + iPhone Charging Dock for iPhone Xs, XS Max, XR, X, 8/8 Plus and More, Apple Watch Series 4, 3, 2, 1 (White)",129.99,0,https://www.amazon.ca/dp/B07HMBQL58/,https://m.media-amazon.com/images/I/61Ug8s83ccL._AC_UL320_.jpg,Amazon,2021-10-28T16:21:02,https://www.amazon.ca/s?k=lightning+deals
99,Love Cat Heart Pendant Necklace for Women Crystal Necklace Birthday Jewelry Gifts for Mom Daughter Girlfriend,26.34,30.99,https://www.amazon.ca/dp/B088314D2P/,https://m.media-amazon.com/images/I/61n2jZZGiuL._AC_UL320_.jpg,Amazon,2021-10-28T16:21:02,https://www.amazon.ca/s?k=lightning+deals
100,Polarized Sunglasses for Men and Women Semi-Rimless Frame Driving Sun glasses 100% UV Blocking,32.99,0,https://www.amazon.ca/dp/B07MW7BBX5/,https://m.media-amazon.com/images/I/61HTfyHff1L._AC_UL320_.jpg,Amazon,2021-10-28T16:21:02,https://www.amazon.ca/s?k=lightning+deals
101,Womens Full_Coverage,32.47,0,https://www.amazon.ca/dp/B00551OS70/,https://m.media-amazon.com/images/I/91llrJB8uGL._AC_UL320_.jpg,Amazon,2021-10-28T16:21:02,https://www.amazon.ca/s?k=lightning+deals
102,Women's Drawstring Hoodies Sweatshirts with Pockets Long Sleeve Pullover Hoodie Tops for Women Tunic,32.99,0,https://www.amazon.ca/dp/B08KDWHSZQ/,https://m.media-amazon.com/images/I/71zZ4XbIcOL._AC_UL320_.jpg,Amazon,2021-10-28T16:21:02,https://www.amazon.ca/s?k=lightning+deals
103,Men's Chiba,90.00,0,https://www.amazon.ca/dp/B001L1SB44/,https://m.media-amazon.com/images/I/81s8gEmRNnL._AC_UL320_.jpg,Amazon,2021-10-28T16:21:02,https://www.amazon.ca/s?k=lightning+deals
104,Men's Classic Black Resin Strap Watch Digital F91W-1,20.75,24.00,https://www.amazon.ca/dp/B000GAWSDG/,https://m.media-amazon.com/images/I/71EMyUkCSLS._AC_UL320_.jpg,Amazon,2021-10-28T16:21:02,https://www.amazon.ca/s?k=lightning+deals
105,Women's Crest Vibe Sneaker,70.53,80.00,https://www.amazon.ca/dp/B07VFWHDLZ/,https://m.media-amazon.com/images/I/71KiKlI3zaL._AC_UL320_.jpg,Amazon,2021-10-28T16:21:02,https://www.amazon.ca/s?k=lightning+deals
106,Women Zipper Hoodie Hooded Sweatshirt Coat Jacket Casual Slim Jumper,9.43,0,https://www.amazon.ca/dp/B07K42YV32/,https://m.media-amazon.com/images/I/51h8jgh9O6L._AC_UL320_.jpg,Amazon,2021-10-28T16:21:02,https://www.amazon.ca/s?k=lightning+deals
107,"Women’s Organic Cotton Stretch Bikini Panties 6-Pack, Oeko-TEX Standard, Black, Blue, Grey Underwear",32.95,0,https://www.amazon.ca/dp/B084KJ3XLC/,https://m.media-amazon.com/images/I/71xa9Z10wEL._AC_UL320_.jpg,Amazon,2021-10-28T16:21:02,https://www.amazon.ca/s?k=lightning+deals
108,Making Magic Happen Shirts for Womens Casual Short Sleeve Tops Soft T-Shirts with Sayings,13.59,21.41,https://www.amazon.ca/dp/B01HEPE1N0/,https://m.media-amazon.com/images/I/51C8e8gcLgL._AC_UL320_.jpg,Amazon,2021-10-28T16:21:02,https://www.amazon.ca/s?k=lightning+deals
109,Fast Charging 5 Pack (3-3-6-6-10FT) iPhone Charger 90 Degree Data Cable Compatible with iPhone 12/11/ Pro/Max/X/XS/XR/XS Max/ 8/ Plus/7/7 Plus/6/6S/6 Plus (Red Black),19.99,22.99,https://www.amazon.ca/dp/B07QVXH6J3/,https://m.media-amazon.com/images/I/61N0zbqvUzL._AC_UL320_.jpg,Amazon,2021-10-28T16:21:02,https://www.amazon.ca/s?k=lightning+deals
110,Women's Long Sleeve V Neck Chiffon Blouses Tops Button Down Business Shirts,19.99,0,https://www.amazon.ca/dp/B099683HRM/,https://m.media-amazon.com/images/I/71a7Cl2XAOS._AC_UL320_.jpg,Amazon,2021-10-28T16:21:02,https://www.amazon.ca/s?k=lightning+deals
111,"SHW Home Office Computer Desks, Black, 48-Inch (121 cm W x 60 cm D)",99.87,0,https://www.amazon.ca/dp/B07Q33BDKC/,https://m.media-amazon.com/images/I/81FeCI035nL._AC_UL320_.jpg,Amazon,2021-10-28T16:21:02,https://www.amazon.ca/s?k=lightning+deals
112,"Mens Leather Bracelet Magnetic-Clasp Cowhide Braided Multi-Layer Wrap Mens Bracelet,7""-8.7""",19.99,0,https://www.amazon.ca/dp/B01I174YPK/,https://m.media-amazon.com/images/I/61pqEbnCTGL._AC_UL320_.jpg,Amazon,2021-10-28T16:21:02,https://www.amazon.ca/s?k=lightning+deals
113,"iPhone 12 Charger Cable, USB C to Lightning Fast Charging Cable 6.6ft MFi Certified for iPhone 12, 12 Pro Max, 12 Mini, iPhone 11 Pro Max, X, XS, XR, 8, iPad Pro 12.9 inch Gen 1/2, iPad Air 3, Mini 5",14.98,0,https://www.amazon.ca/dp/B08LNHZLK7/,https://m.media-amazon.com/images/I/51Aw0Aors6L._AC_UL320_.jpg,Amazon,2021-10-28T16:21:02,https://www.amazon.ca/s?k=lightning+deals
114,Womens Blissful Benefits No Muffin Top 3 Pack Lace Hipster Panties Hipster Panties,16.99,0,https://www.amazon.ca/dp/B076DV59NP/,https://m.media-amazon.com/images/I/8178jHEULtS._AC_UL320_.jpg,Amazon,2021-10-28T16:21:02,https://www.amazon.ca/s?k=lightning+deals
115,Women's High Waisted Cotton Underwear Stretch Briefs Soft Full Coverage Panties Multipack (Regular& Plus Size),29.99,40.99,https://www.amazon.ca/dp/B07RN63526/,https://m.media-amazon.com/images/I/61dpCKpdjHL._AC_UL320_.jpg,Amazon,2021-10-28T16:21:02,https://www.amazon.ca/s?k=lightning+deals
116,Womens Color Block Tunic Tops Crewneck Long Sleeve T-Shirt Casual Loose Shirt Blouses with Pocket S-XXL,32.99,0,https://www.amazon.ca/dp/B08S3257FY/,https://m.media-amazon.com/images/I/61WQ7S3gLvL._AC_UL320_.jpg,Amazon,2021-10-28T16:21:02,https://www.amazon.ca/s?k=lightning+deals
117,Women's Jean Look Jeggings Tights Slimming Many Colors Spandex Leggings Pants Capri S-XXXL,36.25,0,https://www.amazon.ca/dp/B01MQKPG5D/,https://m.media-amazon.com/images/I/71plpWBAtdL._AC_UL320_.jpg,Amazon,2021-10-28T16:21:02,https://www.amazon.ca/s?k=lightning+deals
118,"Lovaefa | Pack of 10 | Cotton Women Socks | Unisex, No Show No See, Ultrasoft, Breathable, Low Cut",22.90,0,https://www.amazon.ca/dp/B09964DTW9/,https://m.media-amazon.com/images/I/61gF5Mt5eTL._AC_UL320_.jpg,Amazon,2021-10-28T16:21:02,https://www.amazon.ca/s?k=lightning+deals
119,Saxx Men's Underwear – Vibe Men’s Underwear – Boxer Briefs with Built-in Ballpark Pouch Support - Core,33.95,0,https://www.amazon.ca/dp/B016OE5PJQ/,https://m.media-amazon.com/images/I/81QxKJJVcDL._AC_UL320_.jpg,Amazon,2021-10-28T16:21:02,https://www.amazon.ca/s?k=lightning+deals
120,Women's Fleece Lined Water Resistant Legging High Waisted Thermal Winter Hiking Running Tights Pockets,33.99,41.99,https://www.amazon.ca/dp/B08JZ35F59/,https://m.media-amazon.com/images/I/51qZSUaD8DL._AC_UL320_.jpg,Amazon,2021-10-28T16:21:02,https://www.amazon.ca/s?k=lightning+deals
121,"Lindt Creation Dessert Assorted Chocolates Gift Box, 400 Grams",28.49,0,https://www.amazon.ca/dp/B07G3PS3ZC/,https://m.media-amazon.com/images/I/81auUx+YKRL._AC_UL320_.jpg,Amazon,2021-10-28T16:21:02,https://www.amazon.ca/s?k=lightning+deals
122,Slim Minimalist Front Pocket RFID Blocking Leather Wallets for Men Women - Cross Black,15.99,0,https://www.amazon.ca/dp/B079DCW7GB/,https://m.media-amazon.com/images/I/81oIi9rFU6L._AC_UL320_.jpg,Amazon,2021-10-28T16:21:02,https://www.amazon.ca/s?k=lightning+deals
123,Mens Covered Waistband Boxer Brief Multipack,27.38,0,https://www.amazon.ca/dp/B077ZMVNRW/,https://m.media-amazon.com/images/I/81WPiqkwWpL._AC_UL320_.jpg,Amazon,2021-10-28T16:21:02,https://www.amazon.ca/s?k=lightning+deals
124,Women's Drawstring Hoodies Sweatshirts with Pockets Long Sleeve Pullover Hoodie Tops for Women Tunic,32.99,0,https://www.amazon.ca/dp/B08KDWHSZQ/,https://m.media-amazon.com/images/I/71zZ4XbIcOL._AC_UL320_.jpg,Amazon,2021-10-28T16:21:02,https://www.amazon.ca/s?k=lightning+deals
125,"K-Y Personal Lubricant, Gel 113 gram",5.99,0,https://www.amazon.ca/dp/B00WLKYOC2/,https://m.media-amazon.com/images/I/51kr2BgSe5L._AC_UL320_.jpg,Amazon,2021-10-28T16:21:02,https://www.amazon.ca/s?k=lightning+deals
126,Mens Jersey Short with Pockets,16.73,0,https://www.amazon.ca/dp/B01BUJ0NZQ/,https://m.media-amazon.com/images/I/81vAeOQuDWL._AC_UL320_.jpg,Amazon,2021-10-28T16:21:02,https://www.amazon.ca/s?k=lightning+deals
127,"Women's Cotton Stretch Bikini Panty, 6-Pack",28.30,0,https://www.amazon.ca/dp/B07CJWMX3L/,https://m.media-amazon.com/images/I/81fAV6xoncL._AC_UL320_.jpg,Amazon,2021-10-28T16:21:02,https://www.amazon.ca/s?k=lightning+deals
128,Womens Underwear Varity of Underwear for Women Pack Briefs Thongs Boxer Lacy Panties Tanga 10 Pack,27.99,0,https://www.amazon.ca/dp/B07QGJSSB3/,https://m.media-amazon.com/images/I/71+UtWnr3dL._AC_UL320_.jpg,Amazon,2021-10-28T16:21:02,https://www.amazon.ca/s?k=lightning+deals
129,"QGECEN Thunderbolt to HDMI Cable, Mini Displayport to HDMI Cable, Mini DP to HDMI Cable for for MacBook, iMac, Mac mini, Mac Pro; Microsoft Surface and More, Supports 4K, 1080P, HDCP, 3D - 6Ft",10.99,0,https://www.amazon.ca/dp/B08HYM3155/,https://m.media-amazon.com/images/I/61c3CVUA8lL._AC_UL320_.jpg,Amazon,2021-10-28T16:21:02,https://www.amazon.ca/s?k=lightning+deals
130,"AmazonBasics Light-Weight Microfiber Sheet Set - Full, Navy Pinstripe",30.64,0,https://www.amazon.ca/dp/B07QT9NZFK/,https://m.media-amazon.com/images/I/81iAeI27P+L._AC_UL320_.jpg,Amazon,2021-10-28T16:21:02,https://www.amazon.ca/s?k=lightning+deals
131,Cliganic USDA Organic Lip Balm Set - 6 Flavors - 100% Natural Moisturizer for Cracked & Dry Lips,9.99,0,https://www.amazon.ca/dp/B07X62WVM4/,https://m.media-amazon.com/images/I/71YbzhEU2AL._AC_UL320_.jpg,Amazon,2021-10-28T16:21:02,https://www.amazon.ca/s?k=lightning+deals
132,"Scotch Thermal Laminating Sheets, 9"" x 11.5"", 3-Mil Thick, 50 Laminating Pouches",18.97,0,https://www.amazon.ca/dp/B00GGBHMWQ/,https://m.media-amazon.com/images/I/712ktzRcrmL._AC_UL320_.jpg,Amazon,2021-10-28T16:21:02,https://www.amazon.ca/s?k=lightning+deals
133,womens Performance Heel Tab Athletic Socks (8 & 16 Pairs),32.49,0,https://www.amazon.ca/dp/B07MRC3ZC2/,https://m.media-amazon.com/images/I/91x8tpSy3TL._AC_UL320_.jpg,Amazon,2021-10-28T16:21:02,https://www.amazon.ca/s?k=lightning+deals
134,Men's White Ledge Mid Waterproof Hiking Boot,146.05,0,https://www.amazon.ca/dp/B005MI8JM6/,https://m.media-amazon.com/images/I/81BiW8VztAL._AC_UL320_.jpg,Amazon,2021-10-28T16:21:02,https://www.amazon.ca/s?k=lightning+deals
135,Women's Faith Casual Sweatshirts Hoodie Long Sleeve Sweatshirts,25.77,0,https://www.amazon.ca/dp/B07W8XF7XK/,https://m.media-amazon.com/images/I/51HFIq2wjPL._AC_UL320_.jpg,Amazon,2021-10-28T16:21:02,https://www.amazon.ca/s?k=lightning+deals
136,Womens Blissful Benefits No Muffin Top 3 Pack Brief Panty,14.29,0,https://www.amazon.ca/dp/B076DV9S8K/,https://m.media-amazon.com/images/I/61cT2HjFeXS._AC_UL320_.jpg,Amazon,2021-10-28T16:21:02,https://www.amazon.ca/s?k=lightning+deals
137,Women's Colby Fashion Casual Over The Knee Pull On Slouchy Boots,57.99,0,https://www.amazon.ca/dp/B072KLS8WH/,https://m.media-amazon.com/images/I/61RZmaXT8ZS._AC_UL320_.jpg,Amazon,2021-10-28T16:21:02,https://www.amazon.ca/s?k=lightning+deals
138,"Introducing Fire TV Stick 4K Max streaming device, Wi-Fi 6, Alexa Voice Remote (includes TV controls)",74.99,0,https://www.amazon.ca/dp/B08MR2C1T7/,https://m.media-amazon.com/images/I/41LQZ3weaVL._AC_UL320_.jpg,Amazon,2021-10-28T16:21:02,https://www.amazon.ca/s?k=lightning+deals
139,"250W LED High Bay Light 35,000LM (140Lm/w) 5000K Daylight (for 18 to 24ft Ceiling, 1000W HID/HPS Replacement) 1-10v dimmer UL Listed HYPERLITE High Bay LED Light for Factory Warehouse Church",189.99,0,https://www.amazon.ca/dp/B07WLVG6RX/,https://m.media-amazon.com/images/I/612N0b-IwbL._AC_UL320_.jpg,Amazon,2021-10-28T16:21:02,https://www.amazon.ca/s?k=lightning+deals
140,"LittleSun LED Garage Light 4+1 Deformable LED Garage Lighting, 48W, 5000LM, CRI 90+, 6500K,Ideal LED Lighting for Garage, Shop,Basement, Warehouse,White, Pack (1)",20.99,0,https://www.amazon.ca/dp/B082N9NTXW/,https://m.media-amazon.com/images/I/717sEGXAhOL._AC_UL320_.jpg,Amazon,2021-10-28T16:21:02,https://www.amazon.ca/s?k=lightning+deals
141,Women's High Waisted Yoga Pants with Pockets Tummy Control Workout Leggings,32.99,0,https://www.amazon.ca/dp/B09B27FF5P/,https://m.media-amazon.com/images/I/51ZnQzxwR-L._AC_UL320_.jpg,Amazon,2021-10-28T16:21:02,https://www.amazon.ca/s?k=lightning+deals
142,High Waisted Leggings for Women Tummy Control Workout Running Yoga Pants with Pockets,30.99,0,https://www.amazon.ca/dp/B09BMXG3N9/,https://m.media-amazon.com/images/I/61BQlQGKPrL._AC_UL320_.jpg,Amazon,2021-10-28T16:21:02,https://www.amazon.ca/s?k=lightning+deals
143,"Fast Charge 3.0, Excgood [2-Pack] 18W Flat QC USB Wall Charger Foldable Fast Charger Block Compatible with Wireless Charger, Samsung Galaxy S10/8/9,Note9/8,LG G5/6 V20/30,HTC,iPhone,iPad,- White",18.99,0,https://www.amazon.ca/dp/B088H39V22/,https://m.media-amazon.com/images/I/6119iwG53-L._AC_UL320_.jpg,Amazon,2021-10-28T16:21:02,https://www.amazon.ca/s?k=lightning+deals
144,"Motion Sensor Light Bulb- 2 Pack, AmeriTop 10W(60W Equivalent) 806lm Motion Activated Dusk to Dawn Security LED Bulb; UL Listed, A19, E26, Auto On/Off Indoor Outdoor Lighting (5000K Daylight)",19.99,0,https://www.amazon.ca/dp/B08CWZKMJ7/,https://m.media-amazon.com/images/I/51jtSUePAzL._AC_UL320_.jpg,Amazon,2021-10-28T16:21:02,https://www.amazon.ca/s?k=lightning+deals
145,Women's Faux Fur-Lined Knee High Winter Boots,55.99,0,https://www.amazon.ca/dp/B01G9CTGNE/,https://m.media-amazon.com/images/I/61TJKQ-w4QL._AC_UL320_.jpg,Amazon,2021-10-28T16:21:02,https://www.amazon.ca/s?k=lightning+deals
146,Women Zipper Hoodie Hooded Sweatshirt Coat Jacket Casual Slim Jumper,9.43,0,https://www.amazon.ca/dp/B07K42YV32/,https://m.media-amazon.com/images/I/51h8jgh9O6L._AC_UL320_.jpg,Amazon,2021-10-28T16:21:02,https://www.amazon.ca/s?k=lightning+deals
147,"SPRINGSPIRIT Waterproof Mattress Protector Bamboo Twin Size Hypoallergenic Vinyl Free TPU Noiseless Bed Mattress Cover, Ultra Breathable Premium 100% Bamboo Jersey Single Mattress Protector Fitted up to 14'' Depth Pocket (39 x 75inch)",29.99,0,https://www.amazon.ca/dp/B08BCDD4QR/,https://m.media-amazon.com/images/I/71yAdbbfIzL._AC_UL320_.jpg,Amazon,2021-10-28T16:21:02,https://www.amazon.ca/s?k=lightning+deals
148,"JUANWE USB Type-C Flash Drive 64GB Dual Drive USB 3.0 Thumb Drive Memory Stick for USB-C Smartphones,New MacBook & Tablets,Samsung Galaxy S8/S8+/S9/S9+,Note7/8/9,A6S/A9S,Google Pixel,LG,Hua Wei,Blue",13.99,0,https://www.amazon.ca/dp/B07LBRKR5J/,https://m.media-amazon.com/images/I/51JLMbYxGoS._AC_UL320_.jpg,Amazon,2021-10-28T16:21:02,https://www.amazon.ca/s?k=lightning+deals
149,"Betty Crocker Gluten Free Fruit Snacks Special Edition, 10-Count, 226 Gram",3.00,0,https://www.amazon.ca/dp/B00V4HQXIG/,https://m.media-amazon.com/images/I/919cadZv2aL._AC_UL320_.jpg,Amazon,2021-10-28T16:21:02,https://www.amazon.ca/s?k=lightning+deals
150,"Women's Comfortable Orthotic Flip-Flops Sandal (US Women 9, Matt Wine)",41.99,0,https://www.amazon.ca/dp/B07B2VC51J/,https://m.media-amazon.com/images/I/71Xgg-5ceaS._AC_UL320_.jpg,Amazon,2021-10-28T16:21:02,https://www.amazon.ca/s?k=lightning+deals
151,Women’s This is Not a Bra Full-Coverage Underwire Bra,33.50,0,https://www.amazon.ca/dp/B00378LD9O/,https://m.media-amazon.com/images/I/71OTr-rHZmL._AC_UL320_.jpg,Amazon,2021-10-28T16:21:02,https://www.amazon.ca/s?k=lightning+deals
152,"Fractionated Coconut Oil - Relaxing Massage Oil, Liquid Carrier Oil for Diluting Essential Oils - Skin, Lip, Body & Hair Oil Moisturizer & Softener - 16 fl oz",23.96,0,https://www.amazon.ca/dp/B00PMR3QF2/,https://m.media-amazon.com/images/I/61OZP3bI-UL._AC_UL320_.jpg,Amazon,2021-10-28T16:21:02,https://www.amazon.ca/s?k=lightning+deals
153,KZ AZ09 Bluetooth 5.2 IPV5 Waterproof Noise Reduction Bluetooth Module Upgrade Cable Ear Hook for ZSX/ZSN/ZSNPRO/ZSNProX/ZS10PRO/AS12/AS16/ZAX/DQ6(C pin),31.99,33.99,https://www.amazon.ca/dp/B09292MSTF/,https://m.media-amazon.com/images/I/61LJrYgVPeL._AC_UL320_.jpg,Amazon,2021-10-28T16:21:02,https://www.amazon.ca/s?k=lightning+deals
154,Women’s Built Up Tank Style Sports Bra,20.99,0,https://www.amazon.ca/dp/B07KSRF8N8/,https://m.media-amazon.com/images/I/71UZglYTV6L._AC_UL320_.jpg,Amazon,2021-10-28T16:21:02,https://www.amazon.ca/s?k=lightning+deals
155,Mens Coolzone Boxer Briefs (Assorted Colors),29.94,0,https://www.amazon.ca/dp/B07P7KKGY2/,https://m.media-amazon.com/images/I/81sjQjabxFL._AC_UL320_.jpg,Amazon,2021-10-28T16:21:02,https://www.amazon.ca/s?k=lightning+deals
156,Men’s EcoSmart Fleece Sweatshirt,13.99,0,https://www.amazon.ca/dp/B071GCRXCV/,https://m.media-amazon.com/images/I/81fBr0EGoQL._AC_UL320_.jpg,Amazon,2021-10-28T16:21:02,https://www.amazon.ca/s?k=lightning+deals
157,"Nature's Blossom Bonsai Tree Kit - Grow 4 Types of Bonsai Trees From Seed. Indoor / Outdoor Gardening Starter Set with Tree Seeds, Soil, Pots, Labels, Growing Guide.",85.00,0,https://www.amazon.ca/dp/B01EFX6VMS/,https://m.media-amazon.com/images/I/91sYBVxTXgL._AC_UL320_.jpg,Amazon,2021-10-28T16:21:02,https://www.amazon.ca/s?k=lightning+deals
158,Women's Jersey Full Zip Hoodie,20.64,0,https://www.amazon.ca/dp/B016YKLC92/,https://m.media-amazon.com/images/I/81bO1PWtEUL._AC_UL320_.jpg,Amazon,2021-10-28T16:21:02,https://www.amazon.ca/s?k=lightning+deals
159,Mens Boxer Brief,24.98,0,https://www.amazon.ca/dp/B07THBK2Y1/,https://m.media-amazon.com/images/I/81AflRbL35L._AC_UL320_.jpg,Amazon,2021-10-28T16:21:02,https://www.amazon.ca/s?k=lightning+deals
160,Women's Comfort Revolution Wire Free,32.79,0,https://www.amazon.ca/dp/B00550PNLQ/,https://m.media-amazon.com/images/I/71AKCApXCcL._AC_UL320_.jpg,Amazon,2021-10-28T16:21:02,https://www.amazon.ca/s?k=lightning+deals
161,Women Button Down Blouse Long Sleeve T Shirts Casual Henley Tunic Tops,28.85,0,https://www.amazon.ca/dp/B08M9N8HJW/,https://m.media-amazon.com/images/I/61xnty3MZLL._AC_UL320_.jpg,Amazon,2021-10-28T16:21:02,https://www.amazon.ca/s?k=lightning+deals
162,Apple Watch Magnetic Fast Charger to USB-C Cable (1m),39.99,0,https://www.amazon.ca/dp/B09G9KZV1Q/,https://m.media-amazon.com/images/I/51pSFMSWEiL._AC_UL320_.jpg,Amazon,2021-10-28T16:21:02,https://www.amazon.ca/s?k=lightning+deals
163,"LED Garage Light 80W E26 E27 8000LM Deformable LED Garage Ceiling Lights 6000K Daylight White Garage LED Light with 5 Adjustable LED Panels, LED Garage Lights for Warehouse Workshop Basement Lights - 2pack",39.99,0,https://www.amazon.ca/dp/B08K75G9DP/,https://m.media-amazon.com/images/I/71F0ygKZzfL._AC_UL320_.jpg,Amazon,2021-10-28T16:21:02,https://www.amazon.ca/s?k=lightning+deals
164,"GYUEM 18 feet Inflatable Outdoor Projector Movie Screen - Package with Rope, Blower, Tent Stakes - Portable,Great for Outdoor and Indoor Party Backyard Pool Watch Movies",179.99,196.99,https://www.amazon.ca/dp/B07GGSYNF7/,https://m.media-amazon.com/images/I/717hpr3LBVS._AC_UL320_.jpg,Amazon,2021-10-28T16:21:02,https://www.amazon.ca/s?k=lightning+deals
165,Women's Gel-Venture 5-w,166.32,0,https://www.amazon.ca/dp/B00NUY58ZU/,https://m.media-amazon.com/images/I/81z5Lu9+XQL._AC_UL320_.jpg,Amazon,2021-10-28T16:21:02,https://www.amazon.ca/s?k=lightning+deals
166,Women Side Zipper Casaul Hoodies Long Sleeve Warm Sweatshirt,25.00,35.49,https://www.amazon.ca/dp/B0792X2MFR/,https://m.media-amazon.com/images/I/61wESzFrtsL._AC_UL320_.jpg,Amazon,2021-10-28T16:21:02,https://www.amazon.ca/s?k=lightning+deals
167,"TubShroom TSBLU454 The Revolutionary Tub Drain Protector Hair Catcher/Strainer/Snare, Blue",14.99,0,https://www.amazon.ca/dp/B01BYRMGCC/,https://m.media-amazon.com/images/I/71HQOgqyyXS._AC_UL320_.jpg,Amazon,2021-10-28T16:21:02,https://www.amazon.ca/s?k=lightning+deals
168,"Full HD Bluetooth Projector Built in DVD Player, 7000LM 1080P Supported, Portable Mini DVD Projector for Outdoor Movies, 250"" Home Theater, Compatible with iOS/Android/TV Stick/PS4/HDMI/USB/TF Card",178.48,249.99,https://www.amazon.ca/dp/B08SKHN885/,https://m.media-amazon.com/images/I/71ji0j52SoL._AC_UL320_.jpg,Amazon,2021-10-28T16:21:02,https://www.amazon.ca/s?k=lightning+deals
169,womens Non Terry No Show Low Cut Athletic Sport Sock 6-pack,12.84,22.99,https://www.amazon.ca/dp/B017XVZ062/,https://m.media-amazon.com/images/I/711wQ8V4zzS._AC_UL320_.jpg,Amazon,2021-10-28T16:21:02,https://www.amazon.ca/s?k=lightning+deals
170,Women's Off One Shoulder Tops Long Sleeve Pullover Slouchy Baggy Sweater,37.99,0,https://www.amazon.ca/dp/B07KFV9SXH/,https://m.media-amazon.com/images/I/616eTbG0QpL._AC_UL320_.jpg,Amazon,2021-10-28T16:21:02,https://www.amazon.ca/s?k=lightning+deals
171,"ACDelco AAA Super Alkaline Batteries in Recloseable Package, 24 Count , Blue",9.10,0,https://www.amazon.ca/dp/B00A9WM94E/,https://m.media-amazon.com/images/I/81d18kujihL._AC_UL320_.jpg,Amazon,2021-10-28T16:21:02,https://www.amazon.ca/s?k=lightning+deals
172,"womens Essential No Show Socks, 6-pairs",25.99,0,https://www.amazon.ca/dp/B013P2HQUQ/,https://m.media-amazon.com/images/I/91U1-ONpXxL._AC_UL320_.jpg,Amazon,2021-10-28T16:21:02,https://www.amazon.ca/s?k=lightning+deals
173,Womens Stretch Denim Leggings with Pockets,23.19,0,https://www.amazon.ca/dp/B01HIK9DU2/,https://m.media-amazon.com/images/I/81u5MmDfVxL._AC_UL320_.jpg,Amazon,2021-10-28T16:21:02,https://www.amazon.ca/s?k=lightning+deals
174,Women's Fleece Lined Leggings Winter Yoga Leggings Thermal High Waisted Pocketed Pants,42.99,0,https://www.amazon.ca/dp/B07WV7P745/,https://m.media-amazon.com/images/I/61JhMxQNlKL._AC_UL320_.jpg,Amazon,2021-10-28T16:21:02,https://www.amazon.ca/s?k=lightning+deals
175,Womens Color Block Tunic Tops Crewneck Long Sleeve T-Shirt Casual Loose Shirt Blouses with Pocket S-XXL,32.99,0,https://www.amazon.ca/dp/B08S3257FY/,https://m.media-amazon.com/images/I/61WQ7S3gLvL._AC_UL320_.jpg,Amazon,2021-10-28T16:21:02,https://www.amazon.ca/s?k=lightning+deals
176,Women's High Waisted Cotton Underwear Stretch Briefs Soft Full Coverage Panties Multipack (Regular& Plus Size),29.99,40.99,https://www.amazon.ca/dp/B07RN63526/,https://m.media-amazon.com/images/I/61dpCKpdjHL._AC_UL320_.jpg,Amazon,2021-10-28T16:21:02,https://www.amazon.ca/s?k=lightning+deals
177,Women's Jean Look Jeggings Tights Slimming Many Colors Spandex Leggings Pants Capri S-XXXL,36.25,0,https://www.amazon.ca/dp/B01MQKPG5D/,https://m.media-amazon.com/images/I/71plpWBAtdL._AC_UL320_.jpg,Amazon,2021-10-28T16:21:02,https://www.amazon.ca/s?k=lightning+deals
178,Saxx Men's Underwear – Vibe Men’s Underwear – Boxer Briefs with Built-in Ballpark Pouch Support - Core,33.95,0,https://www.amazon.ca/dp/B016OE5PJQ/,https://m.media-amazon.com/images/I/81QxKJJVcDL._AC_UL320_.jpg,Amazon,2021-10-28T16:21:02,https://www.amazon.ca/s?k=lightning+deals
179,"Lindt Creation Dessert Assorted Chocolates Gift Box, 400 Grams",28.49,0,https://www.amazon.ca/dp/B07G3PS3ZC/,https://m.media-amazon.com/images/I/81auUx+YKRL._AC_UL320_.jpg,Amazon,2021-10-28T16:21:02,https://www.amazon.ca/s?k=lightning+deals
180,Women's Fleece Lined Water Resistant Legging High Waisted Thermal Winter Hiking Running Tights Pockets,33.99,41.99,https://www.amazon.ca/dp/B08JZ35F59/,https://m.media-amazon.com/images/I/51qZSUaD8DL._AC_UL320_.jpg,Amazon,2021-10-28T16:21:02,https://www.amazon.ca/s?k=lightning+deals
181,Womens Color Block Tunic Tops Crewneck Long Sleeve T-Shirt Casual Loose Shirt Blouses with Pocket S-XXL,32.99,0,https://www.amazon.ca/dp/B08S3257FY/,https://m.media-amazon.com/images/I/61WQ7S3gLvL._AC_UL320_.jpg,Amazon,2021-10-28T16:21:02,https://www.amazon.ca/s?k=lightning+deals
182,Women's Long Sleeve Scoop Neck Button Side Sweater Tunic Dress,24.99,39.99,https://www.amazon.ca/dp/B076Q5VJZQ/,https://m.media-amazon.com/images/I/61lT7S68eUL._AC_UL320_.jpg,Amazon,2021-10-28T16:21:02,https://www.amazon.ca/s?k=lightning+deals
183,Unisex Polarized Retro Classic Trendy Stylish Sunglasses for Men Women Driving Sun glasses：100% UV Blocking,17.98,0,https://www.amazon.ca/dp/B07X7WZYVN/,https://m.media-amazon.com/images/I/61OWsH1mNBL._AC_UL320_.jpg,Amazon,2021-10-28T16:21:02,https://www.amazon.ca/s?k=lightning+deals
184,Women Loose Casual T Shirt Plain Cotton Round Neck Girls Tops,23.99,0,https://www.amazon.ca/dp/B075YDSD35/,https://m.media-amazon.com/images/I/51nM3XdjcaL._AC_UL320_.jpg,Amazon,2021-10-28T16:21:02,https://www.amazon.ca/s?k=lightning+deals
185,"Wake Up Light Sunrise Alarm Clock for Heavy Sleepers, Kids, Bedrooms, 7 Colors, 9 Natural Sounds with Sunrise Simulation, Dual Alarms, FM Radio, Snooze, Nightlight, Daylight, Sleep Aid",60.85,0,https://www.amazon.ca/dp/B09GK2PS6T/,https://m.media-amazon.com/images/I/51bGbQKrfsL._AC_UL320_.jpg,Amazon,2021-10-28T16:21:02,https://www.amazon.ca/s?k=lightning+deals
186,Womens 18 Hour Silky Soft Smoothing Wireless Bra Us4803,34.08,0,https://www.amazon.ca/dp/B00CZ7VOSS/,https://m.media-amazon.com/images/I/815B7V3JOIL._AC_UL320_.jpg,Amazon,2021-10-28T16:21:02,https://www.amazon.ca/s?k=lightning+deals
187,"USB C to Lightning Cable 10FT iPhone Charger, WHIRELEAST 2-Pack Braided Long 10 Foot MFi Certified iPhone Fast Charger Cord for iPhone 12/12 Pro Max/Mini, 11 XR XS X 8 Plus, iPad Air Mini",24.99,0,https://www.amazon.ca/dp/B08V81K5BP/,https://m.media-amazon.com/images/I/81DnBpJhC8L._AC_UL320_.jpg,Amazon,2021-10-28T16:21:02,https://www.amazon.ca/s?k=lightning+deals
188,Lightning Cable 10ft iPhone Charger Cable 3PACK 90 Degree Right Angle Nylon Braided Gaming Charging Cord Compatible with iPhone 13 12 11 X 8 7 6 Plus iPad(Black White),16.99,0,https://www.amazon.ca/dp/B08MSQYGJD/,https://m.media-amazon.com/images/I/71o8dL+NWzL._AC_UL320_.jpg,Amazon,2021-10-28T16:21:02,https://www.amazon.ca/s?k=lightning+deals
189,"Hyleys Tea Slim Tea, Pomegranate, 1.32 Ounce, 25 Tea Bags",7.99,0,https://www.amazon.ca/dp/B01868CLN6/,https://m.media-amazon.com/images/I/61c5dmYq0RL._AC_UL320_.jpg,Amazon,2021-10-28T16:21:02,https://www.amazon.ca/s?k=lightning+deals
190,Men's Tennis Shoes Stylish Graffiti Personality Sneakers,55.99,0,https://www.amazon.ca/dp/B07GBRH5LK/,https://m.media-amazon.com/images/I/8104Vvbz35L._AC_UL320_.jpg,Amazon,2021-10-28T16:21:02,https://www.amazon.ca/s?k=lightning+deals
191,Women's Cold Shoulder Knit Long Sleeves Pullover Sweater Tops Blouse Tunic,39.99,0,https://www.amazon.ca/dp/B08FT6N8QQ/,https://m.media-amazon.com/images/I/71kwLQNq2ML._AC_UL320_.jpg,Amazon,2021-10-28T16:21:02,https://www.amazon.ca/s?k=lightning+deals
192,"RENPHO Bluetooth Body Fat Scale BMI Scale Smart Digital Bathroom Wireless Weight Scale, Body Composition Analyzer with Smartphone App 396 lbs Black",49.99,0,https://www.amazon.ca/dp/B01N1UX8RW/,https://m.media-amazon.com/images/I/61gEwA84qhL._AC_UL320_.jpg,Amazon,2021-10-28T16:21:02,https://www.amazon.ca/s?k=lightning+deals
193,Girls Cotton Underwear 6-Pack,21.90,0,https://www.amazon.ca/dp/B08GHVLGPB/,https://m.media-amazon.com/images/I/61B6Jqt1IML._AC_UL320_.jpg,Amazon,2021-10-28T16:21:02,https://www.amazon.ca/s?k=lightning+deals
194,Men's Charged Assert 8 Mrble Running Shoe,94.99,0,https://www.amazon.ca/dp/B07J2BS54G/,https://m.media-amazon.com/images/I/71B9s9czwML._AC_UL320_.jpg,Amazon,2021-10-28T16:21:02,https://www.amazon.ca/s?k=lightning+deals
195,Men's Winter Snow Boots Waterproof Casual Leather Dress Motorcycle Ankle Boots,56.99,0,https://www.amazon.ca/dp/B01HK0TQ7K/,https://m.media-amazon.com/images/I/71kLkoSR9gL._AC_UL320_.jpg,Amazon,2021-10-28T16:21:02,https://www.amazon.ca/s?k=lightning+deals
196,mens Multi-Pack Mesh Ventilating Comfort Fit Performance No-Show Socks,18.39,0,https://www.amazon.ca/dp/B082G3R3KK/,https://m.media-amazon.com/images/I/91xaMfWXT6L._AC_UL320_.jpg,Amazon,2021-10-28T16:21:02,https://www.amazon.ca/s?k=lightning+deals
197,"Womens Sport Cool Dri Performance T-Shirt, Short Or Long Sleeve",13.99,0,https://www.amazon.ca/dp/B01M1P1553/,https://m.media-amazon.com/images/I/81PNPIqzubL._AC_UL320_.jpg,Amazon,2021-10-28T16:21:02,https://www.amazon.ca/s?k=lightning+deals
198,"250W LED High Bay Light 35,000LM (140Lm/w) 5000K Daylight (for 18 to 24ft Ceiling, 1000W HID/HPS Replacement) 1-10v dimmer UL Listed HYPERLITE High Bay LED Light for Factory Warehouse Church",189.99,0,https://www.amazon.ca/dp/B07WLVG6RX/,https://m.media-amazon.com/images/I/612N0b-IwbL._AC_UL320_.jpg,Amazon,2021-10-28T16:21:02,https://www.amazon.ca/s?k=lightning+deals
199,"LittleSun LED Garage Light 4+1 Deformable LED Garage Lighting, 48W, 5000LM, CRI 90+, 6500K,Ideal LED Lighting for Garage, Shop,Basement, Warehouse,White, Pack (1)",20.99,0,https://www.amazon.ca/dp/B082N9NTXW/,https://m.media-amazon.com/images/I/717sEGXAhOL._AC_UL320_.jpg,Amazon,2021-10-28T16:21:02,https://www.amazon.ca/s?k=lightning+deals
200,Wool Sweater Women 100% Merino Wool Sweater Long Sleeve Pullover Crew Neck Best Presents for Family,45.99,0,https://www.amazon.ca/dp/B08PB4GDXC/,https://m.media-amazon.com/images/I/71l3wH7wHVL._AC_UL320_.jpg,Amazon,2021-10-28T16:21:02,https://www.amazon.ca/s?k=lightning+deals
201,"Women's/Men's Memory Foam Slippers, Cotton Non-Slip Slippers, Comfortable Home Slippers",19.39,0,https://www.amazon.ca/dp/B08K8M1WDQ/,https://m.media-amazon.com/images/I/71+9TdNmKyL._AC_UL320_.jpg,Amazon,2021-10-28T16:21:02,https://www.amazon.ca/s?k=lightning+deals
202,"4 Pack [Apple MFi Certified] Apple Charging Cables 3m, iPhone Chargers Lightning Cable 3 Meter, Fast iPhone Charging Cord for iPhone 12/11/11Pro/11Max/ X/XS/XR/XS Max/8/7, ipad(White)",25.99,0,https://www.amazon.ca/dp/B09BNDJVSL/,https://m.media-amazon.com/images/I/61PqQA+Su7L._AC_UL320_.jpg,Amazon,2021-10-28T16:21:02,https://www.amazon.ca/s?k=lightning+deals
203,"LED Garage Light, 60W E26 Deformable LED Garage Ceiling Lighting 6000LM Daylight Lamp Bulbs for Warehouse, Workshop, Barn, Basement, Commercial Bay (1)",16.79,19.79,https://www.amazon.ca/dp/B0866F5X9X/,https://m.media-amazon.com/images/I/61kFRBXOzjL._AC_UL320_.jpg,Amazon,2021-10-28T16:21:02,https://www.amazon.ca/s?k=lightning+deals
204,2PCS Lava Stone Healing Yoga Bracelet Blue Turquoise Chakra Agate Natural Beads 8MM Strand Reiki Leaf Charm Bnagle,13.69,0,https://www.amazon.ca/dp/B078J5QV7D/,https://m.media-amazon.com/images/I/61d+mXQ-SSL._AC_UL320_.jpg,Amazon,2021-10-28T16:21:02,https://www.amazon.ca/s?k=lightning+deals
205,"100% Mulberry Silk Duvet/Comforter/Quilt,Keep Warm for Fall/Winter, Pure Long Strand Silk Filled, Queen 90×86inch, 100% Cotton Sateen Casing, Breathable Highly Ventilated Can Customized",192.99,0,https://www.amazon.ca/dp/B076HRCD8G/,https://m.media-amazon.com/images/I/71tCwLbc-BL._AC_UL320_.jpg,Amazon,2021-10-28T16:21:02,https://www.amazon.ca/s?k=lightning+deals
206,Women's Vogue Long Sleeve Irregular Hem Open Front Cardigan,28.90,0,https://www.amazon.ca/dp/B0776PBT93/,https://m.media-amazon.com/images/I/81ZC1sZ4k2L._AC_UL320_.jpg,Amazon,2021-10-28T16:21:02,https://www.amazon.ca/s?k=lightning+deals
207,Cord Keeper Cable Wrap Winder 5 Packs Earbuds Headphone Holder Box Tangle-free Power Cord Shortener Organizer Cable Reel Storage Case Turtle Shell Lightening Cable Manage Case (cartoon),8.90,0,https://www.amazon.ca/dp/B07W61ZTJB/,https://m.media-amazon.com/images/I/31iCgwNrcKL._AC_UL320_.jpg,Amazon,2021-10-28T16:21:02,https://www.amazon.ca/s?k=lightning+deals
208,Women's Comfort Evolution Bra,20.99,0,https://www.amazon.ca/dp/B00U5TC6C6/,https://m.media-amazon.com/images/I/61jeZ7K5ImL._AC_UL320_.jpg,Amazon,2021-10-28T16:21:02,https://www.amazon.ca/s?k=lightning+deals
209,"NA BEAUTY Fashion Classic Sterling Silver Thread Drop Earrings,Teardrop Back Earrings (White/1 Pair)",3.01,0,https://www.amazon.ca/dp/B01M7NCT05/,https://m.media-amazon.com/images/I/51wxN55ByxL._AC_UL320_.jpg,Amazon,2021-10-28T16:21:02,https://www.amazon.ca/s?k=lightning+deals
210,RAOYI 5PCS 32GB Metal Key Flash Drive Memory Stick Thumb Pen Drive USB 2.0 Key Design (5 Mixed Colors:Black Blue Pink Gold Green),27.99,0,https://www.amazon.ca/dp/B07874RHNN/,https://m.media-amazon.com/images/I/7135Q1SBJ-L._AC_UL320_.jpg,Amazon,2021-10-28T16:21:02,https://www.amazon.ca/s?k=lightning+deals
211,H&M Gift Card,25.00,0,https://www.amazon.ca/dp/B07YY2W1S1/,https://m.media-amazon.com/images/I/610ZjEP5e3L._AC_UL320_.jpg,Amazon,2021-10-28T16:21:02,https://www.amazon.ca/s?k=lightning+deals
212,Polarized Sunglasses for Men Cycling Driving Fishing UV Protection Outdoor Sports Sunglasses,18.99,0,https://www.amazon.ca/dp/B0976RBCZY/,https://m.media-amazon.com/images/I/51yayvIOGYS._AC_UL320_.jpg,Amazon,2021-10-28T16:21:02,https://www.amazon.ca/s?k=lightning+deals
213,High Waisted Leggings for Women Tummy Control Workout Running Yoga Pants with Pockets,29.99,0,https://www.amazon.ca/dp/B092D7YGM9/,https://m.media-amazon.com/images/I/711Snv1YO8S._AC_UL320_.jpg,Amazon,2021-10-28T16:21:02,https://www.amazon.ca/s?k=lightning+deals
214,Women's V Neck T Shirt Short Striped Sleeve Side Split Summer Tunic Tops S-XXL,26.99,0,https://www.amazon.ca/dp/B094FNM15V/,https://m.media-amazon.com/images/I/61motPmljiS._AC_UL320_.jpg,Amazon,2021-10-28T16:21:02,https://www.amazon.ca/s?k=lightning+deals
215,Womens Casual Crewneck Sweatshirt Striped Long Sleeve Side Split Pullover Tops,31.88,0,https://www.amazon.ca/dp/B09BHVHDN2/,https://m.media-amazon.com/images/I/61U4FKhoEuS._AC_UL320_.jpg,Amazon,2021-10-28T16:21:02,https://www.amazon.ca/s?k=lightning+deals
216,Neewer 600W 5500K Photography Photo Video Portrait Studio Day Light Umbrella Continuous Lighting Kit for Camera Video Studio Shooting Umbrella Light,115.99,0,https://www.amazon.ca/dp/B013JV3J1I/,https://m.media-amazon.com/images/I/51g+UgIvOgL._AC_UL320_.jpg,Amazon,2021-10-28T16:21:02,https://www.amazon.ca/s?k=lightning+deals
217,Men's Charged Pursuit 2 Running Shoe,90.00,94.99,https://www.amazon.ca/dp/B07Q2442L2/,https://m.media-amazon.com/images/I/91VVxJkPZWL._AC_UL320_.jpg,Amazon,2021-10-28T16:21:02,https://www.amazon.ca/s?k=lightning+deals
218,Fashion Tops for Women Christmas Tee Shirts Crewneck Sweatshirts Aesthetic Color Block Pullover Tops Fall Clothes,20.19,0,https://www.amazon.ca/dp/B09F9WVBYP/,https://m.media-amazon.com/images/I/715Dm9VLg4L._AC_UL320_.jpg,Amazon,2021-10-28T16:21:02,https://www.amazon.ca/s?k=lightning+deals
219,unisex-adult Utility Carryall Tote,96.46,0,https://www.amazon.ca/dp/B07RQ3CX3X/,https://m.media-amazon.com/images/I/61shC6t4OTL._AC_UL320_.jpg,Amazon,2021-10-28T16:21:02,https://www.amazon.ca/s?k=lightning+deals
220,POWXS 4 Pack AAA Rechargeable Batteries 1.2V 800mAh Ni-MH Triple Rechargeable AAA Batteries - 1200 Cycles for household and business,8.88,0,https://www.amazon.ca/dp/B0876MMCFF/,https://m.media-amazon.com/images/I/71knD75CJQL._AC_UL320_.jpg,Amazon,2021-10-28T16:21:02,https://www.amazon.ca/s?k=lightning+deals
221,mens Assorted standard V-neck T-shirts,26.99,0,https://www.amazon.ca/dp/B077ZKK9YB/,https://m.media-amazon.com/images/I/71x4hKVIlmL._AC_UL320_.jpg,Amazon,2021-10-28T16:21:02,https://www.amazon.ca/s?k=lightning+deals
222,Apple Lightning to Digital AV Adapter,44.42,65.00,https://www.amazon.ca/dp/B009WHV3BM/,https://m.media-amazon.com/images/I/419teukTmWL._AC_UL320_.jpg,Amazon,2021-10-28T16:21:02,https://www.amazon.ca/s?k=lightning+deals
223,Women's LA20WH-1ACF Classic Digital Black Resin Watch,25.99,0,https://www.amazon.ca/dp/B0067MWDPA/,https://m.media-amazon.com/images/I/615eXdZslwS._AC_UL320_.jpg,Amazon,2021-10-28T16:21:02,https://www.amazon.ca/s?k=lightning+deals
224,CHOOSE YOUR COLOR Sterling Silver Heart Promise Ring,21.29,0,https://www.amazon.ca/dp/B01AVGS12Q/,https://m.media-amazon.com/images/I/51x3zqaDnAL._AC_UL320_.jpg,Amazon,2021-10-28T16:21:02,https://www.amazon.ca/s?k=lightning+deals
225,3 Saver Pack Quick Dry T-Shirts Women's Performance Mesh Crew Workout T-Shirt - Activewear Top,15.00,0,https://www.amazon.ca/dp/B08LTNWDBW/,https://m.media-amazon.com/images/I/81BpTUg72CL._AC_UL320_.jpg,Amazon,2021-10-28T16:21:02,https://www.amazon.ca/s?k=lightning+deals
226,"SANSI 60W LED Garage Light, 6000lm Super Bright E26 LED Garage Ceiling Light with 4 Adjustable Panels, Deformable 5000K Daylight LED Light Bulbs for Garage, Warehouse, Basement",63.99,0,https://www.amazon.ca/dp/B07Z38445N/,https://m.media-amazon.com/images/I/61DUQVqx-0L._AC_UL320_.jpg,Amazon,2021-10-28T16:21:02,https://www.amazon.ca/s?k=lightning+deals
227,Men's Classic Fit Perfect Short,28.89,45.86,https://www.amazon.ca/dp/B009CTU9VK/,https://m.media-amazon.com/images/I/71+pfRLO5GL._AC_UL320_.jpg,Amazon,2021-10-28T16:21:02,https://www.amazon.ca/s?k=lightning+deals
228,"LED Garage Lights 45W E27/E26 Deformable Led Garage Ceiling Lighting 4500LM Triple Glow 3 Fan Blade LED Bulb Adjustable LED Corn Shop Lights for Garage,Warehouse,Workshop,Barn,Full Area,Basement",14.99,0,https://www.amazon.ca/dp/B08199ZVVM/,https://m.media-amazon.com/images/I/5154fngVXaL._AC_UL320_.jpg,Amazon,2021-10-28T16:21:02,https://www.amazon.ca/s?k=lightning+deals
229,Womens Amanda Classic Tapered Jean,34.43,40.27,https://www.amazon.ca/dp/B079VM4558/,https://m.media-amazon.com/images/I/71qIYjYHgFL._AC_UL320_.jpg,Amazon,2021-10-28T16:21:02,https://www.amazon.ca/s?k=lightning+deals
230,"NIM Textile Luxury Soft Sheets 1600 TC Softness Deep Pocket Fitted Sheet 4pc Bed Sheets Set Milano Collection Bedding - Eggplant, Full",34.95,0,https://www.amazon.ca/dp/B01EYVXDM2/,https://m.media-amazon.com/images/I/51ToEoYlHeL._AC_UL320_.jpg,Amazon,2021-10-28T16:21:02,https://www.amazon.ca/s?k=lightning+deals
231,Women’s Casual Waffle Knit Tunic Long Sleeve Tops Loose Button Up Pullover Tops Henley Shirts,27.59,0,https://www.amazon.ca/dp/B09CP8F3JJ/,https://m.media-amazon.com/images/I/61rxbNJxVsL._AC_UL320_.jpg,Amazon,2021-10-28T16:21:02,https://www.amazon.ca/s?k=lightning+deals
232,Women's Tops Casual T-Shirt Long Sleeve Tunics Cotton Knits Tees with Pockets,19.99,0,https://www.amazon.ca/dp/B08R8RK1JN/,https://m.media-amazon.com/images/I/61PBsreX-5L._AC_UL320_.jpg,Amazon,2021-10-28T16:21:02,https://www.amazon.ca/s?k=lightning+deals
233,Women's Fleece Lined Leggings Winter Yoga Leggings Thermal High Waisted Pocketed Pants,42.99,0,https://www.amazon.ca/dp/B07WV7P745/,https://m.media-amazon.com/images/I/61JhMxQNlKL._AC_UL320_.jpg,Amazon,2021-10-28T16:21:02,https://www.amazon.ca/s?k=lightning+deals
234,Women's High Waisted Cotton Underwear Stretch Briefs Soft Full Coverage Panties Multipack (Regular& Plus Size),29.99,40.99,https://www.amazon.ca/dp/B07RN63526/,https://m.media-amazon.com/images/I/61dpCKpdjHL._AC_UL320_.jpg,Amazon,2021-10-28T16:21:02,https://www.amazon.ca/s?k=lightning+deals
235,Women's Jean Look Jeggings Tights Slimming Many Colors Spandex Leggings Pants Capri S-XXXL,36.25,0,https://www.amazon.ca/dp/B01MQKPG5D/,https://m.media-amazon.com/images/I/71plpWBAtdL._AC_UL320_.jpg,Amazon,2021-10-28T16:21:02,https://www.amazon.ca/s?k=lightning+deals
236,"Lovaefa | Pack of 10 | Cotton Women Socks | Unisex, No Show No See, Ultrasoft, Breathable, Low Cut",22.90,0,https://www.amazon.ca/dp/B09964DTW9/,https://m.media-amazon.com/images/I/61gF5Mt5eTL._AC_UL320_.jpg,Amazon,2021-10-28T16:21:02,https://www.amazon.ca/s?k=lightning+deals
237,Saxx Men's Underwear – Vibe Men’s Underwear – Boxer Briefs with Built-in Ballpark Pouch Support - Core,33.95,0,https://www.amazon.ca/dp/B016OE5PJQ/,https://m.media-amazon.com/images/I/81QxKJJVcDL._AC_UL320_.jpg,Amazon,2021-10-28T16:21:02,https://www.amazon.ca/s?k=lightning+deals
238,"Lindt Creation Dessert Assorted Chocolates Gift Box, 400 Grams",28.49,0,https://www.amazon.ca/dp/B07G3PS3ZC/,https://m.media-amazon.com/images/I/81auUx+YKRL._AC_UL320_.jpg,Amazon,2021-10-28T16:21:02,https://www.amazon.ca/s?k=lightning+deals
239,Women's Fleece Lined Water Resistant Legging High Waisted Thermal Winter Hiking Running Tights Pockets,33.99,41.99,https://www.amazon.ca/dp/B08JZ35F59/,https://m.media-amazon.com/images/I/51qZSUaD8DL._AC_UL320_.jpg,Amazon,2021-10-28T16:21:02,https://www.amazon.ca/s?k=lightning+deals
240,Womens Color Block Tunic Tops Crewneck Long Sleeve T-Shirt Casual Loose Shirt Blouses with Pocket S-XXL,32.99,0,https://www.amazon.ca/dp/B08S3257FY/,https://m.media-amazon.com/images/I/61WQ7S3gLvL._AC_UL320_.jpg,Amazon,2021-10-28T16:21:02,https://www.amazon.ca/s?k=lightning+deals
241,Pajama Shorts for Women 2 Pack Sleep Shorts for Women Lounge Shorts Women Sleep Shorts S~XL,37.99,0,https://www.amazon.ca/dp/B084WTDJ9Z/,https://m.media-amazon.com/images/I/91b9f7mXMdL._AC_UL320_.jpg,Amazon,2021-10-28T16:21:02,https://www.amazon.ca/s?k=lightning+deals
242,"Apple Gift Card - App Store, iTunes, iPhone, iPad, AirPods, MacBook, accessories and more (Email Delivery)",25.00,0,https://www.amazon.ca/dp/B093GZFS5Q/,https://m.media-amazon.com/images/I/41SNPx9tOFS._AC_UL320_.jpg,Amazon,2021-10-28T16:21:02,https://www.amazon.ca/s?k=lightning+deals
243,Womens Long Sleeve Short Sleeve Lace Hem Trim Shirts A-Line Tunic Tops,28.99,0,https://www.amazon.ca/dp/B095LNSC2G/,https://m.media-amazon.com/images/I/61HMoJHF5lS._AC_UL320_.jpg,Amazon,2021-10-28T16:21:02,https://www.amazon.ca/s?k=lightning+deals
244,"5Pack Large Oven Liners for Bottom of Gas Electric Oven, Oven Mat for Bottom of Oven,Heavy Duty Gas Stove Covers for Gas Stove Top Non-Stick BPA and PFOA Free 16''By 24''",23.44,0,https://www.amazon.ca/dp/B08P2PVZBL/,https://m.media-amazon.com/images/I/719fL8GcNxL._AC_UL320_.jpg,Amazon,2021-10-28T16:21:02,https://www.amazon.ca/s?k=lightning+deals
245,Women Tunic Top Solid Color Round Neck Casual Loose Long Sleeve Sweatshirt T-Shirts Tops,28.99,0,https://www.amazon.ca/dp/B08GQG9L5J/,https://m.media-amazon.com/images/I/615ntkY2dyL._AC_UL320_.jpg,Amazon,2021-10-28T16:21:02,https://www.amazon.ca/s?k=lightning+deals
246,Women's Short & Long Sleeve V-Neck Shirts Loose Casual Tee T-Shirt with Leopard Pocket S-2XL,32.99,0,https://www.amazon.ca/dp/B08CBDH9LL/,https://m.media-amazon.com/images/I/611Vlj53G8L._AC_UL320_.jpg,Amazon,2021-10-28T16:21:02,https://www.amazon.ca/s?k=lightning+deals
247,Womens High Waisted Yoga Pants Workout Leggings with Pockets for Tummy Control,25.65,27.65,https://www.amazon.ca/dp/B082B2GFTH/,https://m.media-amazon.com/images/I/51T-11wl8PL._AC_UL320_.jpg,Amazon,2021-10-28T16:21:02,https://www.amazon.ca/s?k=lightning+deals
248,"Sharpie Permanent Markers, Ultra Fine Point, Black, 2 Markers(37161)",5.73,0,https://www.amazon.ca/dp/B00144862U/,https://m.media-amazon.com/images/I/71EalV6QkKL._AC_UL320_.jpg,Amazon,2021-10-28T16:21:02,https://www.amazon.ca/s?k=lightning+deals
249,"Queen Size Pillow Cases Set of 2 – Soft, Premium Quality Pillowcase Covers – Machine Washable Protectors – 20x26 & 20x30 Pillows for Sleeping 2 Piece - Queen Size Pillow Case Set",19.99,0,https://www.amazon.ca/dp/B07Q8WX4HJ/,https://m.media-amazon.com/images/I/81XK9zXPKML._AC_UL320_.jpg,Amazon,2021-10-28T16:21:02,https://www.amazon.ca/s?k=lightning+deals
250,Women's Fuller Coverage Foam Wirefree Bra,21.99,0,https://www.amazon.ca/dp/B00EVLU0MC/,https://m.media-amazon.com/images/I/81yh3ljVlKL._AC_UL320_.jpg,Amazon,2021-10-28T16:21:02,https://www.amazon.ca/s?k=lightning+deals
251,Water Shoes Men Women Quick Drying Swim Surf Beach Pool Shoes Wide Toe Barefoot Aqua Shoes Summer Outdoor Sports Shoes,34.97,65.00,https://www.amazon.ca/dp/B07M7VS9SS/,https://m.media-amazon.com/images/I/71gA4DELk9L._AC_UL320_.jpg,Amazon,2021-10-28T16:21:02,https://www.amazon.ca/s?k=lightning+deals
252,"Windproof Travel Umbrella - Compact, Light, Automatic, Strong and Portable - Wind Resistant, Small Folding Backpack Umbrella for Rain - Men and Women",35.95,0,https://www.amazon.ca/dp/B0160HYB8S/,https://m.media-amazon.com/images/I/51mF+wacbfS._AC_UL320_.jpg,Amazon,2021-10-28T16:21:02,https://www.amazon.ca/s?k=lightning+deals
253,Women's Jean Look Jeggings Tights Slimming Many Colors Spandex Leggings Pants Capri S-XXXL,35.71,0,https://www.amazon.ca/dp/B07CH1CSWJ/,https://m.media-amazon.com/images/I/71C322vOH7L._AC_UL320_.jpg,Amazon,2021-10-28T16:21:02,https://www.amazon.ca/s?k=lightning+deals
254,"iPhone charger, also compatible with MacBook Pro and MacBook Air, and all iPads. Silicone USB C to Lightning cable [1.2M Certified] Anti-flaming/Anti-Freezing, 6 trending colors, Fast charging PD20W, Environmentally Friendly materials (very soft in touch), Washable, Explosion proof design, HIGH-TEMPERATURE RESISTANT, Drift-Proof and 6 Times durable than the common cables [RESISTANT TO FRACTURE 30,000 BENDING TEST], and Anti-fouling. (Blue)",20.99,0,https://www.amazon.ca/dp/B08VS9PSFD/,https://m.media-amazon.com/images/I/51hKQawqUqL._AC_UL320_.jpg,Amazon,2021-10-28T16:21:02,https://www.amazon.ca/s?k=lightning+deals
255,Men's A158W-1 Classic Digital Stainless Steel Bracelet Watch,27.00,0,https://www.amazon.ca/dp/B000GAYQJ0/,https://m.media-amazon.com/images/I/61WEpGWghwL._AC_UL320_.jpg,Amazon,2021-10-28T16:21:02,https://www.amazon.ca/s?k=lightning+deals
256,"250W LED High Bay Light 35,000LM (140Lm/w) 5000K Daylight (for 18 to 24ft Ceiling, 1000W HID/HPS Replacement) 1-10v dimmer UL Listed HYPERLITE High Bay LED Light for Factory Warehouse Church",189.99,0,https://www.amazon.ca/dp/B07WLVG6RX/,https://m.media-amazon.com/images/I/612N0b-IwbL._AC_UL320_.jpg,Amazon,2021-10-28T16:21:02,https://www.amazon.ca/s?k=lightning+deals
257,"LittleSun LED Garage Light 4+1 Deformable LED Garage Lighting, 48W, 5000LM, CRI 90+, 6500K,Ideal LED Lighting for Garage, Shop,Basement, Warehouse,White, Pack (1)",20.99,0,https://www.amazon.ca/dp/B082N9NTXW/,https://m.media-amazon.com/images/I/717sEGXAhOL._AC_UL320_.jpg,Amazon,2021-10-28T16:21:02,https://www.amazon.ca/s?k=lightning+deals
258,Golf Shitrs Women Half Zip Pullover Running Shirt Athletic Long Sleeve Workout Tops,31.99,0,https://www.amazon.ca/dp/B08MTV9MGH/,https://m.media-amazon.com/images/I/811b4iupbRL._AC_UL320_.jpg,Amazon,2021-10-28T16:21:02,https://www.amazon.ca/s?k=lightning+deals
259,High Waist Yoga Leggings with 3 Pockets Tummy Control Workout Running Yoga Pants for Women,28.99,0,https://www.amazon.ca/dp/B09F3CW3CT/,https://m.media-amazon.com/images/I/41NHahyvRbL._AC_UL320_.jpg,Amazon,2021-10-28T16:21:02,https://www.amazon.ca/s?k=lightning+deals
260,AmazonBasics Laptop Computer Backpack - Fits Up To 17 Inch Laptops,68.39,0,https://www.amazon.ca/dp/B00EEBS9O0/,https://m.media-amazon.com/images/I/81vfzNUAXEL._AC_UL320_.jpg,Amazon,2021-10-28T16:21:02,https://www.amazon.ca/s?k=lightning+deals
261,Samsung Galaxy A52 128GB Aura Black,559.00,659.99,https://www.amazon.ca/dp/B09224MH11/,https://m.media-amazon.com/images/I/81xWvD-CUdL._AC_UL320_.jpg,Amazon,2021-10-28T16:21:02,https://www.amazon.ca/s?k=lightning+deals
262,Apple USB-C to Lightning Cable (2 m),39.00,0,https://www.amazon.ca/dp/B09BRGK8HX/,https://m.media-amazon.com/images/I/61QvSXD+InL._AC_UL320_.jpg,Amazon,2021-10-28T16:21:02,https://www.amazon.ca/s?k=lightning+deals
263,womens Puma Women's 6 Pack Low Cut Socks,12.69,0,https://www.amazon.ca/dp/B075DKCQFT/,https://m.media-amazon.com/images/I/61lu6xUl0hL._AC_UL320_.jpg,Amazon,2021-10-28T16:21:02,https://www.amazon.ca/s?k=lightning+deals
264,Women's Comfy Stretch Floral Print High Waist Drawstring Palazzo Wide Leg Pants,15.49,16.99,https://www.amazon.ca/dp/B07QWK4NZV/,https://m.media-amazon.com/images/I/61638W0O2eL._AC_UL320_.jpg,Amazon,2021-10-28T16:21:02,https://www.amazon.ca/s?k=lightning+deals
265,Men's Hooded Sweatshirt,18.89,0,https://www.amazon.ca/dp/B0196XAGKA/,https://m.media-amazon.com/images/I/61yMOMHG9cL._AC_UL320_.jpg,Amazon,2021-10-28T16:21:02,https://www.amazon.ca/s?k=lightning+deals
266,"USB C to Lightning Cable (6 ft), Anker Powerline III MFi Certified Fast Charging Lightning Cable for iPhone 11 Pro 11 Pro Max X XS XR Max 8 Airpods Pro, Supports Power Delivery (White)",30.99,0,https://www.amazon.ca/dp/B085NPCSSF/,https://m.media-amazon.com/images/I/61ZgXjiqdXL._AC_UL320_.jpg,Amazon,2021-10-28T16:21:02,https://www.amazon.ca/s?k=lightning+deals
267,YVENIGHT 7 Packs Vintage Oversized Sunglasses for Women 100% UV Protection Large Eyewear,27.99,0,https://www.amazon.ca/dp/B07SLM6MC6/,https://m.media-amazon.com/images/I/61jH5qcMDEL._AC_UL320_.jpg,Amazon,2021-10-28T16:21:02,https://www.amazon.ca/s?k=lightning+deals
268,RFID Blocking Passport Holder Travel Wallet Cover Case,14.99,0,https://www.amazon.ca/dp/B07KYBQWN2/,https://m.media-amazon.com/images/I/81qebQ9O18L._AC_UL320_.jpg,Amazon,2021-10-28T16:21:02,https://www.amazon.ca/s?k=lightning+deals
269,"Fire TV Cube, Hands-free streaming device with Alexa, 4K Ultra HD",149.99,0,https://www.amazon.ca/dp/B08XLX2J8M/,https://m.media-amazon.com/images/I/41J618I94lL._AC_UL320_.jpg,Amazon,2021-10-28T16:21:02,https://www.amazon.ca/s?k=lightning+deals
270,Women's Full Coverage Double Support Unpadded Wirefree Plus Size Minimizer Bra,26.99,0,https://www.amazon.ca/dp/B093SLFJSZ/,https://m.media-amazon.com/images/I/81z3jQbSeML._AC_UL320_.jpg,Amazon,2021-10-28T16:21:02,https://www.amazon.ca/s?k=lightning+deals
271,Yannik Women's 5 Pair Pack Vintage Style Cotton Knitting Wool Winter Crew Socks,25.03,0,https://www.amazon.ca/dp/B01K1LS3H4/,https://m.media-amazon.com/images/I/81+AMzCCbiL._AC_UL320_.jpg,Amazon,2021-10-28T16:21:02,https://www.amazon.ca/s?k=lightning+deals
272,"5 Pack [Apple MFi Certified] Apple Charging Cables 10ft, iPhone Chargers Lightning Cable 3 Meter, Fast iPhone Charging Cord for iPhone 12/11/11Pro/11Max/ X/XS/XR/XS Max/8/7, ipad(White)",25.99,0,https://www.amazon.ca/dp/B09G2MDK6S/,https://m.media-amazon.com/images/I/61AD3YCkfRL._AC_UL320_.jpg,Amazon,2021-10-28T16:21:02,https://www.amazon.ca/s?k=lightning+deals
273,Women Short Sleeve Shirts Ladies Summer Tops Tunic Button Up Floral,23.99,30.99,https://www.amazon.ca/dp/B09CKYFBFX/,https://m.media-amazon.com/images/I/71vc4OUuv4L._AC_UL320_.jpg,Amazon,2021-10-28T16:21:02,https://www.amazon.ca/s?k=lightning+deals
274,Women's Halter Neck Summer Dress Sleeveless Casual Sundress,28.99,0,https://www.amazon.ca/dp/B06ZY964KQ/,https://m.media-amazon.com/images/I/51+klHQB81S._AC_UL320_.jpg,Amazon,2021-10-28T16:21:02,https://www.amazon.ca/s?k=lightning+deals
275,Fineliner Colored Pens Bullet Journal Planner Pen 24 Fine Tip Marker Drawing Pens for Writing Sketch Taking Note Calendar Coloring Book Art Supplies,12.99,0,https://www.amazon.ca/dp/B07JJBB8W6/,https://m.media-amazon.com/images/I/51u5tE+nE+L._AC_UL320_.jpg,Amazon,2021-10-28T16:21:02,https://www.amazon.ca/s?k=lightning+deals
276,Kid's W001954 Cars Analog Watch with Striped Nylon Band,19.61,26.99,https://www.amazon.ca/dp/B00QTJUP7Y/,https://m.media-amazon.com/images/I/81LE62YeVlL._AC_UL320_.jpg,Amazon,2021-10-28T16:21:02,https://www.amazon.ca/s?k=lightning+deals
277,Women Short Sleeve Strappy Cold Shoulder T-Shirt Tops Blouses,20.66,24.99,https://www.amazon.ca/dp/B07BSDS6V8/,https://m.media-amazon.com/images/I/61HDdwCCNhL._AC_UL320_.jpg,Amazon,2021-10-28T16:21:02,https://www.amazon.ca/s?k=lightning+deals
278,Samsung Portable SSD T5 1TB USB 3.1 External SSD (MU-PA1T0B/AM) [Canada Version],149.99,174.99,https://www.amazon.ca/dp/B073H552FJ/,https://m.media-amazon.com/images/I/81khZx00+tL._AC_UL320_.jpg,Amazon,2021-10-28T16:21:02,https://www.amazon.ca/s?k=lightning+deals
279,Womens Summer Tops Short Sleeve Button Up T Shirts Casual Crew Neck Flowy Tee Blouses S-XXL,23.99,33.99,https://www.amazon.ca/dp/B093BW2FJZ/,https://m.media-amazon.com/images/I/71ribkkPDES._AC_UL320_.jpg,Amazon,2021-10-28T16:21:02,https://www.amazon.ca/s?k=lightning+deals
280,Women's Tops Casual T-Shirt Long Sleeve Tunics Cotton Knits Tees,20.99,0,https://www.amazon.ca/dp/B08R8QLK85/,https://m.media-amazon.com/images/I/71vyDeCuq+L._AC_UL320_.jpg,Amazon,2021-10-28T16:21:02,https://www.amazon.ca/s?k=lightning+deals
281,"Disney and Pixar’s Cars Minis Advent Calendar Playset, One a Day Storytelling Racecar Accessories & Surprises, for Kids Age 3 Years and Older",29.99,0,https://www.amazon.ca/dp/B08V55DSS7/,https://m.media-amazon.com/images/I/81+2DrneD6S._AC_UL320_.jpg,Amazon,2021-10-28T16:21:02,https://www.amazon.ca/s?k=lightning+deals
282,Women's Mid-high Impact Comfortable Full Support Sports Bra with Removable Padding,30.99,0,https://www.amazon.ca/dp/B09BQX66WL/,https://m.media-amazon.com/images/I/71i+b1OBK+L._AC_UL320_.jpg,Amazon,2021-10-28T16:21:02,https://www.amazon.ca/s?k=lightning+deals
283,StarTech.com 6 Foot (2m) Durable White USB-C to Lightning Cable - Heavy Duty Rugged Aramid Fiber USB Type A to Lightning Charger/Sync Power Cord - Apple MFi Certified iPad/iPhone 12 (RUSBCLTMM2MW),33.40,0,https://www.amazon.ca/dp/B081HPWPZ8/,https://m.media-amazon.com/images/I/61nWwjG8mqL._AC_UL320_.jpg,Amazon,2021-10-28T16:21:02,https://www.amazon.ca/s?k=lightning+deals
284,Womens Underwear Beyondsoft Panties (Regular & Plus Size),30.99,0,https://www.amazon.ca/dp/B07L8YH7J6/,https://m.media-amazon.com/images/I/51XVzylu-dL._AC_UL320_.jpg,Amazon,2021-10-28T16:21:02,https://www.amazon.ca/s?k=lightning+deals
285,"Digital Luggage Scale, Fosmon Digital LCD Display Backlight with Temperature Sensor Hanging Luggage Weight Scale, Up to 50 Kilograms with Tare Function",15.99,0,https://www.amazon.ca/dp/B01N0Y9OWN/,https://m.media-amazon.com/images/I/61VdYidPqBL._AC_UL320_.jpg,Amazon,2021-10-28T16:21:02,https://www.amazon.ca/s?k=lightning+deals
286,"Memory Foam Pillow Neck Pillow for Sleeping, Cervical Pillow for Neck Pain, Bed Pillow for Side & Back Sleeper, Ergonomic Orthopedic Pillow for Comfort Spine,Side Sleeper Pillow with Velvet Pillowcase",39.99,0,https://www.amazon.ca/dp/B08PJ4FMW2/,https://m.media-amazon.com/images/I/61piISAxN5L._AC_UL320_.jpg,Amazon,2021-10-28T16:21:02,https://www.amazon.ca/s?k=lightning+deals
287,"Nano Towels ® - SUPERSIZED Version Of the Breakthrough Fabric That Replaces Expensive Paper Towels, and Toxic Chemical Cleaners. Use As Bath Towels, Kitchen Towels, etc. All Purpose Cleaning Wipes.",54.24,0,https://www.amazon.ca/dp/B018IONCI6/,https://m.media-amazon.com/images/I/81BtW2vj4PL._AC_UL320_.jpg,Amazon,2021-10-28T16:21:02,https://www.amazon.ca/s?k=lightning+deals
288,"Fosmon Digital LCD Display Backlight with Temperature Sensor Hanging Luggage Weight Scale, Up to 110LB with Tare Function",20.99,0,https://www.amazon.ca/dp/B01N5QP2I9/,https://m.media-amazon.com/images/I/71Ax0SVcr+L._AC_UL320_.jpg,Amazon,2021-10-28T16:21:02,https://www.amazon.ca/s?k=lightning+deals
289,Women's Flowy Tank Tops Summer Sleeveless Loose Fit Pleated Tunic Shirts,25.99,0,https://www.amazon.ca/dp/B07DL7DFHL/,https://m.media-amazon.com/images/I/618qUvNuD5L._AC_UL320_.jpg,Amazon,2021-10-28T16:21:02,https://www.amazon.ca/s?k=lightning+deals
290,Yoga Pants for Women Leggings with Side Pockets Workout Running Tights,29.99,51.90,https://www.amazon.ca/dp/B07DDFS6L4/,https://m.media-amazon.com/images/I/515egT0-o4L._AC_UL320_.jpg,Amazon,2021-10-28T16:21:02,https://www.amazon.ca/s?k=lightning+deals
291,Women's Slip On Shoes Athletic Walking Sneaker Lightweight Running Knit Breathable Casual Sport Shoes,33.99,39.99,https://www.amazon.ca/dp/B08GSHMGJJ/,https://m.media-amazon.com/images/I/71xl223TDCL._AC_UL320_.jpg,Amazon,2021-10-28T16:21:02,https://www.amazon.ca/s?k=lightning+deals
292,Women's Warm Sherpa Lined Athletic Sweatpants Jogger Pashm Pants Trousers,52.45,0,https://www.amazon.ca/dp/B08HJ74YQY/,https://m.media-amazon.com/images/I/613BygwIpxL._AC_UL320_.jpg,Amazon,2021-10-28T16:21:02,https://www.amazon.ca/s?k=lightning+deals
293,Women's Fleece Lined Leggings Winter Yoga Leggings Thermal High Waisted Pocketed Pants,42.99,0,https://www.amazon.ca/dp/B07WV7P745/,https://m.media-amazon.com/images/I/61JhMxQNlKL._AC_UL320_.jpg,Amazon,2021-10-28T16:21:02,https://www.amazon.ca/s?k=lightning+deals
294,Women's Jean Look Jeggings Tights Slimming Many Colors Spandex Leggings Pants Capri S-XXXL,36.25,0,https://www.amazon.ca/dp/B01MQKPG5D/,https://m.media-amazon.com/images/I/71plpWBAtdL._AC_UL320_.jpg,Amazon,2021-10-28T16:21:02,https://www.amazon.ca/s?k=lightning+deals
295,"Lovaefa | Pack of 10 | Cotton Women Socks | Unisex, No Show No See, Ultrasoft, Breathable, Low Cut",22.90,0,https://www.amazon.ca/dp/B09964DTW9/,https://m.media-amazon.com/images/I/61gF5Mt5eTL._AC_UL320_.jpg,Amazon,2021-10-28T16:21:02,https://www.amazon.ca/s?k=lightning+deals
